id;x;y;z;time
0x6733;1995;946;552;2019-05-16 10:24:06.577
0x6733;1981;961;0;2019-05-16 10:24:06.685
0x6733;2247;926;0;2019-05-16 10:24:07.057
0x6733;1997;955;0;2019-05-16 10:24:07.237
0x6733;1988;918;0;2019-05-16 10:24:07.609
0x6733;2236;938;0;2019-05-16 10:24:07.793
0x6733;2209;948;0;2019-05-16 10:24:07.974
0x6733;1977;925;0;2019-05-16 10:24:08.157
0x6733;2240;932;0;2019-05-16 10:24:08.342
0x6733;2113;958;0;2019-05-16 10:24:08.520
0x6733;1986;929;0;2019-05-16 10:24:08.700
0x6733;2232;942;0;2019-05-16 10:24:08.880
0x6733;2021;911;0;2019-05-16 10:24:09.060
0x6733;2227;950;0;2019-05-16 10:24:09.252
0x6733;2004;940;0;2019-05-16 10:24:09.432
0x6733;2000;958;0;2019-05-16 10:24:09.615
0x6733;2244;952;0;2019-05-16 10:24:09.987
0x6733;2212;1007;0;2019-05-16 10:24:10.168
0x6733;2206;960;0;2019-05-16 10:24:10.346
0x6733;2211;918;0;2019-05-16 10:24:10.716
0x6733;2242;929;0;2019-05-16 10:24:10.898
0x6733;1965;946;0;2019-05-16 10:24:11.079
0x6733;2198;965;0;2019-05-16 10:24:11.259
0x6733;2218;967;0;2019-05-16 10:24:11.439
0x6733;2180;973;0;2019-05-16 10:24:11.813
0x6733;1988;934;0;2019-05-16 10:24:11.993
0x6733;1999;985;0;2019-05-16 10:24:12.173
0x6733;2004;957;0;2019-05-16 10:24:12.357
0x6733;2217;962;0;2019-05-16 10:24:12.537
0x6733;2217;978;0;2019-05-16 10:24:12.908
0x6733;2012;960;0;2019-05-16 10:24:13.089
0x6733;1985;976;0;2019-05-16 10:24:13.461
0x6733;2214;918;0;2019-05-16 10:24:13.641
0x6733;2146;955;0;2019-05-16 10:24:13.822
0x6733;2067;941;0;2019-05-16 10:24:14.014
0x6733;2167;911;0;2019-05-16 10:24:14.194
0x6733;2209;909;0;2019-05-16 10:24:14.374
0x6733;2247;906;0;2019-05-16 10:24:14.567
0x6733;2029;912;0;2019-05-16 10:24:14.747
0x6733;2218;945;0;2019-05-16 10:24:14.927
0x6733;2246;920;0;2019-05-16 10:24:15.111
0x6733;2216;914;0;2019-05-16 10:24:15.292
0x6733;2234;931;0;2019-05-16 10:24:15.664
0x6733;2218;899;0;2019-05-16 10:24:15.843
0x6733;2040;904;0;2019-05-16 10:24:16.024
0x6733;2227;933;0;2019-05-16 10:24:16.204
0x6733;2032;936;0;2019-05-16 10:24:16.577
0x6733;2209;950;0;2019-05-16 10:24:16.756
0x6733;2218;959;0;2019-05-16 10:24:16.937
0x6733;2055;920;0;2019-05-16 10:24:17.309
0x6733;2164;974;0;2019-05-16 10:24:17.489
0x6733;2199;941;0;2019-05-16 10:24:17.680
0x6733;2064;915;0;2019-05-16 10:24:18.041
0x6733;2144;921;0;2019-05-16 10:24:18.221
0x6733;2055;897;0;2019-05-16 10:24:18.591
0x6733;2086;913;0;2019-05-16 10:24:18.771
0x6733;2241;880;0;2019-05-16 10:24:18.951
0x6733;2068;904;0;2019-05-16 10:24:19.141
0x6733;2050;942;0;2019-05-16 10:24:19.321
0x6733;2255;919;0;2019-05-16 10:24:19.503
0x6733;2099;955;0;2019-05-16 10:24:19.685
0x6733;2089;919;0;2019-05-16 10:24:19.865
0x6733;2253;879;0;2019-05-16 10:24:20.238
0x6733;2089;916;0;2019-05-16 10:24:20.417
0x6733;2101;910;0;2019-05-16 10:24:20.599
0x6733;2082;923;0;2019-05-16 10:24:20.791
0x6733;2230;968;0;2019-05-16 10:24:20.971
0x6733;2260;988;0;2019-05-16 10:24:21.151
0x6733;2231;925;0;2019-05-16 10:24:21.524
0x6733;2189;917;0;2019-05-16 10:24:21.703
0x6733;2235;943;0;2019-05-16 10:24:21.884
0x6733;2077;924;0;2019-05-16 10:24:22.064
0x6733;2081;909;0;2019-05-16 10:24:22.436
0x6733;2067;924;0;2019-05-16 10:24:22.615
0x6733;2231;922;0;2019-05-16 10:24:22.796
0x6733;2242;888;0;2019-05-16 10:24:22.978
0x6733;2236;960;0;2019-05-16 10:24:23.350
0x6733;2119;887;0;2019-05-16 10:24:23.531
0x6733;2161;878;0;2019-05-16 10:24:23.711
0x6733;2217;940;0;2019-05-16 10:24:24.083
0x6733;2057;929;0;2019-05-16 10:24:24.263
0x6733;2073;934;0;2019-05-16 10:24:24.443
0x6733;2237;939;0;2019-05-16 10:24:24.635
0x6733;2100;893;0;2019-05-16 10:24:24.815
0x6733;2226;918;0;2019-05-16 10:24:24.991
0x6733;2044;924;0;2019-05-16 10:24:25.182
0x6733;2068;935;0;2019-05-16 10:24:25.365
0x6733;2054;955;0;2019-05-16 10:24:25.545
0x6733;2255;913;0;2019-05-16 10:24:25.918
0x6733;2225;866;0;2019-05-16 10:24:26.099
0x6733;2097;933;0;2019-05-16 10:24:26.279
0x6733;2242;880;0;2019-05-16 10:24:26.459
0x6733;2072;890;0;2019-05-16 10:24:26.639
0x6733;2235;942;0;2019-05-16 10:24:26.823
0x6733;2157;983;0;2019-05-16 10:24:27.003
0x6733;2270;932;0;2019-05-16 10:24:27.183
0x6733;2228;910;0;2019-05-16 10:24:27.373
0x6733;2234;880;0;2019-05-16 10:24:27.553
0x6733;2090;915;0;2019-05-16 10:24:27.733
0x6733;2082;906;0;2019-05-16 10:24:27.916
0x6733;2112;878;0;2019-05-16 10:24:28.109
0x6733;2124;912;0;2019-05-16 10:24:28.289
0x6733;2054;923;0;2019-05-16 10:24:28.662
0x6733;2265;936;0;2019-05-16 10:24:28.842
0x6733;2230;874;0;2019-05-16 10:24:29.024
0x6733;2196;985;0;2019-05-16 10:24:29.387
0x6733;2323;1049;0;2019-05-16 10:24:29.760
0x6733;1780;969;0;2019-05-16 10:24:30.115
0x6733;1597;904;0;2019-05-16 10:24:30.489
0x6733;1629;859;0;2019-05-16 10:24:30.669
0x6733;1415;875;0;2019-05-16 10:24:30.849
0x6733;1451;793;0;2019-05-16 10:24:31.029
0x6733;1603;759;0;2019-05-16 10:24:31.221
0x6733;1312;871;0;2019-05-16 10:24:31.405
0x6733;1618;907;0;2019-05-16 10:24:31.585
0x6733;2154;1053;0;2019-05-16 10:24:31.957
0x6733;2213;947;0;2019-05-16 10:24:32.137
0x6733;2404;847;0;2019-05-16 10:24:32.317
0x6733;2374;895;0;2019-05-16 10:24:32.687
0x6733;2629;972;0;2019-05-16 10:24:32.868
0x6733;2616;890;0;2019-05-16 10:24:33.053
0x6733;2574;883;0;2019-05-16 10:24:33.233
0x6733;2454;880;0;2019-05-16 10:24:33.605
0x6733;2363;550;0;2019-05-16 10:24:33.785
0x6733;2481;857;0;2019-05-16 10:24:33.965
0x6733;2624;858;0;2019-05-16 10:24:34.147
0x6733;2234;998;0;2019-05-16 10:24:34.702
0x6733;2280;980;0;2019-05-16 10:24:34.882
0x6733;2312;1111;0;2019-05-16 10:24:35.065
0x6733;2293;1234;0;2019-05-16 10:24:35.431
0x6733;2240;1204;0;2019-05-16 10:24:35.612
0x6733;2144;1365;0;2019-05-16 10:24:35.984
0x6733;2171;1348;0;2019-05-16 10:24:36.164
0x6733;2250;1323;0;2019-05-16 10:24:36.344
0x6733;2203;1297;0;2019-05-16 10:24:36.715
0x6733;2239;1247;0;2019-05-16 10:24:36.897
0x6733;2401;1115;0;2019-05-16 10:24:37.077
0x6733;2257;928;0;2019-05-16 10:24:37.257
0x6733;2096;768;0;2019-05-16 10:24:37.629
0x6733;2132;594;0;2019-05-16 10:24:37.995
0x6733;2147;654;0;2019-05-16 10:24:38.357
0x6733;1999;753;0;2019-05-16 10:24:38.722
0x6733;1784;886;0;2019-05-16 10:24:38.902
0x6733;2261;755;0;2019-05-16 10:24:39.081
0x6733;2113;602;0;2019-05-16 10:24:39.262
0x6733;1902;1021;0;2019-05-16 10:24:39.454
0x6733;2066;978;0;2019-05-16 10:24:39.818
0x6733;2044;919;0;2019-05-16 10:24:39.998
0x6733;2010;1131;0;2019-05-16 10:24:40.188
0x6733;1946;928;0;2019-05-16 10:24:40.368
0x6733;2141;890;0;2019-05-16 10:24:40.548
0x6733;1995;892;0;2019-05-16 10:24:40.728
0x6733;1987;936;0;2019-05-16 10:24:41.117
0x6733;1978;910;0;2019-05-16 10:24:41.297
0x6733;1963;935;0;2019-05-16 10:24:41.477
0x6733;2056;882;0;2019-05-16 10:24:41.657
0x6733;2103;890;0;2019-05-16 10:24:41.837
0x6733;2011;920;0;2019-05-16 10:24:42.755
0x6733;2124;934;0;2019-05-16 10:24:42.935
0x6733;2134;907;0;2019-05-16 10:24:43.489
0x6733;2172;928;0;2019-05-16 10:24:43.668
0x6733;2023;924;0;2019-05-16 10:24:44.043
0x6733;2120;918;0;2019-05-16 10:24:44.227
0x6733;2138;872;0;2019-05-16 10:24:44.403
0x6733;2032;934;0;2019-05-16 10:24:44.585
0x6733;2143;901;0;2019-05-16 10:24:44.766
0x6733;1991;893;0;2019-05-16 10:24:44.952
0x6733;2021;908;0;2019-05-16 10:24:45.132
0x6733;2135;943;0;2019-05-16 10:24:45.313
0x6733;1971;975;0;2019-05-16 10:24:45.496
0x6733;2179;933;0;2019-05-16 10:24:45.684
0x6733;1965;916;0;2019-05-16 10:24:45.868
0x6733;2137;905;0;2019-05-16 10:24:46.049
0x6733;2051;989;0;2019-05-16 10:24:46.233
0x6733;2118;892;0;2019-05-16 10:24:46.415
0x6733;2117;924;0;2019-05-16 10:24:46.595
0x6733;1985;879;0;2019-05-16 10:24:46.959
0x6733;2150;912;0;2019-05-16 10:24:47.147
0x6733;1985;921;0;2019-05-16 10:24:47.333
0x6733;2061;895;0;2019-05-16 10:24:47.508
0x6733;2089;883;0;2019-05-16 10:24:47.699
0x6733;1977;911;0;2019-05-16 10:24:47.877
0x6733;1947;934;0;2019-05-16 10:24:48.249
0x6733;2123;938;0;2019-05-16 10:24:48.427
0x6733;2052;1067;0;2019-05-16 10:24:48.797
0x6733;2117;897;0;2019-05-16 10:24:48.974
0x6733;2112;952;0;2019-05-16 10:24:49.158
0x6733;2115;940;0;2019-05-16 10:24:49.336
0x6733;1942;948;0;2019-05-16 10:24:49.516
0x6733;2119;959;0;2019-05-16 10:24:49.888
0x6733;2114;939;0;2019-05-16 10:24:50.067
0x6733;1919;958;0;2019-05-16 10:24:50.261
0x6733;2107;944;0;2019-05-16 10:24:50.440
0x6733;2111;960;0;2019-05-16 10:24:50.621
0x6733;2121;938;0;2019-05-16 10:24:50.813
0x6733;2121;949;0;2019-05-16 10:24:50.993
0x6733;2113;964;0;2019-05-16 10:24:51.173
0x6733;1923;938;0;2019-05-16 10:24:51.542
0x6733;2095;962;0;2019-05-16 10:24:51.725
0x6733;2088;922;0;2019-05-16 10:24:52.110
0x6733;1899;910;0;2019-05-16 10:24:52.290
0x6733;2109;939;0;2019-05-16 10:24:52.470
0x6733;1943;903;0;2019-05-16 10:24:52.650
0x6733;1942;909;0;2019-05-16 10:24:53.020
0x6733;1886;920;0;2019-05-16 10:24:53.203
0x6733;2122;937;0;2019-05-16 10:24:53.584
0x6733;2099;947;0;2019-05-16 10:24:53.748
0x6733;2117;953;0;2019-05-16 10:24:54.116
0x6733;2136;987;0;2019-05-16 10:24:54.303
0x6733;1812;1084;0;2019-05-16 10:24:54.473
0x6733;2155;936;0;2019-05-16 10:24:54.662
0x6733;1998;1076;0;2019-05-16 10:24:54.843
0x6733;1942;1047;0;2019-05-16 10:24:55.035
0x6733;2009;1084;0;2019-05-16 10:24:55.209
0x6733;2022;1019;0;2019-05-16 10:24:55.397
0x6733;2057;1040;0;2019-05-16 10:24:55.580
0x6733;2031;920;0;2019-05-16 10:24:55.763
0x6733;2037;1140;0;2019-05-16 10:24:55.948
0x6733;1680;1091;0;2019-05-16 10:24:56.130
0x6733;2008;1061;0;2019-05-16 10:24:56.304
0x6733;1882;951;0;2019-05-16 10:24:56.487
0x6733;2098;959;0;2019-05-16 10:24:56.667
0x6733;2144;912;0;2019-05-16 10:24:56.854
0x6733;2048;949;0;2019-05-16 10:24:57.040
0x6733;1943;940;0;2019-05-16 10:24:57.221
0x6733;2042;883;0;2019-05-16 10:24:57.400
0x6733;2116;989;0;2019-05-16 10:24:57.584
0x6733;2106;961;0;2019-05-16 10:24:57.769
0x6733;1925;967;0;2019-05-16 10:24:57.947
0x6733;1993;929;0;2019-05-16 10:24:58.130
0x6733;1907;974;0;2019-05-16 10:24:58.349
0x6733;1875;971;0;2019-05-16 10:24:58.688
0x6733;2122;956;0;2019-05-16 10:24:58.871
0x6733;1915;962;0;2019-05-16 10:24:59.052
0x6733;1880;976;0;2019-05-16 10:24:59.239
0x6733;2123;953;0;2019-05-16 10:24:59.596
0x6733;2088;947;0;2019-05-16 10:24:59.783
0x6733;1861;977;0;2019-05-16 10:24:59.966
0x6733;1901;938;0;2019-05-16 10:25:00.157
0x6733;2106;966;0;2019-05-16 10:25:00.334
0x6733;1897;935;0;2019-05-16 10:25:00.520
0x6733;2108;962;0;2019-05-16 10:25:00.716
0x6733;1868;942;0;2019-05-16 10:25:01.073
0x6733;1914;950;0;2019-05-16 10:25:01.427
0x6733;2113;944;0;2019-05-16 10:25:01.609
0x6733;2117;947;0;2019-05-16 10:25:01.796
0x6733;2065;1145;0;2019-05-16 10:25:01.973
0x6733;1924;987;0;2019-05-16 10:25:02.163
0x6733;2115;970;0;2019-05-16 10:25:02.346
0x6733;2138;937;0;2019-05-16 10:25:02.524
0x6733;2085;941;0;2019-05-16 10:25:02.712
0x6733;1900;929;0;2019-05-16 10:25:02.897
0x6733;2113;956;0;2019-05-16 10:25:03.084
0x6733;2060;1117;0;2019-05-16 10:25:03.253
0x6733;1899;943;0;2019-05-16 10:25:03.436
0x6733;2125;989;0;2019-05-16 10:25:03.615
0x6733;1907;995;0;2019-05-16 10:25:03.798
0x6733;2114;986;0;2019-05-16 10:25:03.985
0x6733;2114;926;0;2019-05-16 10:25:04.169
0x6733;1885;993;0;2019-05-16 10:25:04.347
0x6733;2134;959;0;2019-05-16 10:25:04.533
0x6733;1882;922;0;2019-05-16 10:25:04.708
0x6733;2088;983;0;2019-05-16 10:25:05.116
0x6733;2105;969;0;2019-05-16 10:25:05.264
0x6733;1893;977;0;2019-05-16 10:25:05.446
0x6733;2125;965;0;2019-05-16 10:25:05.815
0x6733;2140;943;0;2019-05-16 10:25:06.002
0x6733;2107;960;0;2019-05-16 10:25:06.175
0x6733;2108;959;0;2019-05-16 10:25:06.384
0x6733;2122;904;0;2019-05-16 10:25:06.559
0x6733;1883;983;0;2019-05-16 10:25:06.751
0x6733;2122;956;0;2019-05-16 10:25:06.912
0x6733;1944;957;0;2019-05-16 10:25:07.106
0x6733;1918;973;0;2019-05-16 10:25:07.285
0x6733;1911;925;0;2019-05-16 10:25:07.465
0x6733;1908;942;0;2019-05-16 10:25:07.642
0x6733;1903;966;0;2019-05-16 10:25:08.009
0x6733;2100;946;0;2019-05-16 10:25:08.189
0x6733;1897;944;0;2019-05-16 10:25:08.374
0x6733;1919;958;0;2019-05-16 10:25:08.565
0x6733;1881;959;0;2019-05-16 10:25:08.928
0x6733;1905;974;0;2019-05-16 10:25:09.106
0x6733;1895;968;0;2019-05-16 10:25:09.286
0x6733;2092;933;0;2019-05-16 10:25:09.474
0x6733;1925;998;0;2019-05-16 10:25:09.836
0x6733;2121;949;0;2019-05-16 10:25:10.017
0x6733;2108;940;0;2019-05-16 10:25:10.204
0x6733;1893;1010;0;2019-05-16 10:25:10.560
0x6733;2131;940;0;2019-05-16 10:25:10.936
0x6733;2105;933;0;2019-05-16 10:25:11.125
0x6733;1912;955;0;2019-05-16 10:25:11.290
0x6733;1935;998;0;2019-05-16 10:25:11.663
0x6733;1935;952;0;2019-05-16 10:25:12.392
0x6733;2108;961;0;2019-05-16 10:25:12.572
0x6733;2097;956;0;2019-05-16 10:25:12.936
0x6733;1908;964;0;2019-05-16 10:25:13.308
0x6733;1916;957;0;2019-05-16 10:25:13.488
0x6733;2131;956;0;2019-05-16 10:25:13.674
0x6733;1929;981;0;2019-05-16 10:25:14.042
0x6733;1947;960;0;2019-05-16 10:25:14.228
0x6733;1912;965;0;2019-05-16 10:25:14.408
0x6733;2125;960;0;2019-05-16 10:25:14.590
0x6733;1973;949;0;2019-05-16 10:25:14.779
0x6733;2009;942;0;2019-05-16 10:25:14.956
0x6733;2100;916;0;2019-05-16 10:25:15.323
0x6733;2116;950;0;2019-05-16 10:25:15.508
0x6733;1900;976;0;2019-05-16 10:25:15.690
0x6733;2136;972;0;2019-05-16 10:25:15.873
0x6733;1943;906;0;2019-05-16 10:25:16.049
0x6733;1917;962;0;2019-05-16 10:25:16.238
0x6733;1952;918;0;2019-05-16 10:25:16.600
0x6733;2107;924;0;2019-05-16 10:25:16.783
0x6733;1933;892;0;2019-05-16 10:25:16.965
0x6733;1941;954;0;2019-05-16 10:25:17.147
0x6733;1933;971;0;2019-05-16 10:25:17.326
0x6733;1922;963;0;2019-05-16 10:25:17.514
0x6733;2124;945;0;2019-05-16 10:25:17.697
0x6733;2118;942;0;2019-05-16 10:25:17.882
0x6733;2025;922;0;2019-05-16 10:25:18.060
0x6733;1919;920;0;2019-05-16 10:25:18.428
0x6733;1968;951;0;2019-05-16 10:25:18.617
0x6733;1668;1091;0;2019-05-16 10:25:18.794
0x6733;1976;1136;0;2019-05-16 10:25:18.980
0x6733;1631;1096;0;2019-05-16 10:25:19.161
0x6733;1695;1064;0;2019-05-16 10:25:19.349
0x6733;1687;1113;0;2019-05-16 10:25:19.532
0x6733;1827;945;0;2019-05-16 10:25:19.712
0x6733;1793;1062;0;2019-05-16 10:25:19.895
0x6733;1934;1004;0;2019-05-16 10:25:20.079
0x6733;2106;986;0;2019-05-16 10:25:20.442
0x6733;1591;1150;0;2019-05-16 10:25:20.628
0x6733;1723;1055;0;2019-05-16 10:25:20.996
0x6733;2053;1036;0;2019-05-16 10:25:21.178
0x6733;1655;1106;0;2019-05-16 10:25:21.908
0x6733;1668;1103;0;2019-05-16 10:25:22.096
0x6733;1973;1121;0;2019-05-16 10:25:22.277
0x6733;1730;1051;0;2019-05-16 10:25:22.467
0x6733;2007;1077;0;2019-05-16 10:25:22.827
0x6733;1702;1064;0;2019-05-16 10:25:23.003
0x6733;1983;1076;0;2019-05-16 10:25:23.192
0x6733;1674;1088;0;2019-05-16 10:25:23.742
0x6733;1738;1058;0;2019-05-16 10:25:24.105
0x6733;2078;1032;0;2019-05-16 10:25:24.469
0x6733;1832;1030;0;2019-05-16 10:25:24.653
0x6733;1844;1026;0;2019-05-16 10:25:24.837
0x6733;1824;975;0;2019-05-16 10:25:25.202
0x6733;2070;988;0;2019-05-16 10:25:25.393
0x6733;1819;976;0;2019-05-16 10:25:25.571
0x6733;1881;990;0;2019-05-16 10:25:25.936
0x6733;1854;983;0;2019-05-16 10:25:26.128
0x6733;1829;1012;0;2019-05-16 10:25:26.488
0x6733;1829;975;0;2019-05-16 10:25:26.668
0x6733;2097;1010;0;2019-05-16 10:25:26.845
0x6733;2069;973;0;2019-05-16 10:25:27.029
0x6733;1819;979;0;2019-05-16 10:25:27.215
0x6733;1770;966;0;2019-05-16 10:25:27.389
0x6733;2074;981;0;2019-05-16 10:25:27.754
0x6733;1784;985;0;2019-05-16 10:25:27.944
0x6733;1818;1038;0;2019-05-16 10:25:28.129
0x6733;2031;1010;0;2019-05-16 10:25:28.317
0x6733;2062;1024;0;2019-05-16 10:25:28.489
0x6733;1746;1062;0;2019-05-16 10:25:28.686
0x6733;1804;987;0;2019-05-16 10:25:28.853
0x6733;1791;1000;0;2019-05-16 10:25:29.036
0x6733;2043;1042;0;2019-05-16 10:25:29.223
0x6733;2039;1002;0;2019-05-16 10:25:29.408
0x6733;1823;1027;0;2019-05-16 10:25:29.770
0x6733;2045;1017;0;2019-05-16 10:25:29.954
0x6733;1805;955;0;2019-05-16 10:25:30.140
0x6733;1802;1009;0;2019-05-16 10:25:30.325
0x6733;1826;1001;0;2019-05-16 10:25:30.691
0x6733;1789;1011;0;2019-05-16 10:25:31.069
0x6733;1691;1075;0;2019-05-16 10:25:31.434
0x6733;2062;993;0;2019-05-16 10:25:31.796
0x6733;1896;947;0;2019-05-16 10:25:32.348
0x6733;2094;936;0;2019-05-16 10:25:32.723
0x6733;1874;982;0;2019-05-16 10:25:32.897
0x6733;2111;962;0;2019-05-16 10:25:33.079
0x6733;2106;962;0;2019-05-16 10:25:33.267
0x6733;1847;982;0;2019-05-16 10:25:33.446
0x6733;2110;985;0;2019-05-16 10:25:33.629
0x6733;1905;941;0;2019-05-16 10:25:33.817
0x6733;2114;963;0;2019-05-16 10:25:34.002
0x6733;1996;1065;0;2019-05-16 10:25:34.178
0x6733;1876;918;0;2019-05-16 10:25:34.356
0x6733;2056;1031;0;2019-05-16 10:25:34.728
0x6733;2094;950;0;2019-05-16 10:25:34.910
0x6733;1937;937;0;2019-05-16 10:25:35.093
0x6733;1793;1091;0;2019-05-16 10:25:35.278
0x6733;2019;1173;0;2019-05-16 10:25:35.455
0x6733;1941;1140;0;2019-05-16 10:25:35.641
0x6733;1994;945;0;2019-05-16 10:25:35.822
0x6733;1994;858;0;2019-05-16 10:25:36.014
0x6733;2310;946;0;2019-05-16 10:25:36.184
0x6733;2458;948;0;2019-05-16 10:25:36.557
0x6733;2592;768;0;2019-05-16 10:25:36.926
0x6733;2537;821;0;2019-05-16 10:25:37.102
0x6733;2579;832;0;2019-05-16 10:25:37.288
0x6733;2644;871;0;2019-05-16 10:25:37.841
0x6733;2628;866;0;2019-05-16 10:25:38.021
0x6733;2611;850;0;2019-05-16 10:25:38.207
0x6733;2646;862;0;2019-05-16 10:25:38.385
0x6733;2648;661;0;2019-05-16 10:25:38.570
0x6733;2642;786;0;2019-05-16 10:25:38.747
0x6733;2704;808;0;2019-05-16 10:25:38.931
0x6733;2734;801;0;2019-05-16 10:25:39.122
0x6733;2752;853;0;2019-05-16 10:25:39.482
0x6733;2786;903;0;2019-05-16 10:25:39.676
0x6733;2745;856;0;2019-05-16 10:25:39.852
0x6733;2774;860;0;2019-05-16 10:25:40.216
0x6733;2769;846;0;2019-05-16 10:25:40.584
0x6733;2782;863;0;2019-05-16 10:25:40.772
0x6733;2768;867;0;2019-05-16 10:25:40.954
0x6733;2700;865;0;2019-05-16 10:25:41.141
0x6733;2661;870;0;2019-05-16 10:25:41.316
0x6733;2732;853;0;2019-05-16 10:25:41.505
0x6733;2762;840;0;2019-05-16 10:25:41.687
0x6733;2713;858;0;2019-05-16 10:25:41.866
0x6733;2697;858;0;2019-05-16 10:25:42.051
0x6733;2710;842;0;2019-05-16 10:25:42.232
0x6733;2790;840;0;2019-05-16 10:25:42.421
0x6733;2730;878;0;2019-05-16 10:25:42.595
0x6733;2788;846;0;2019-05-16 10:25:42.778
0x6733;2794;876;0;2019-05-16 10:25:42.959
0x6733;2767;876;0;2019-05-16 10:25:43.146
0x6733;2811;852;0;2019-05-16 10:25:43.326
0x6733;2786;831;0;2019-05-16 10:25:43.513
0x6733;2774;825;0;2019-05-16 10:25:43.695
0x6733;2806;848;0;2019-05-16 10:25:43.882
0x6733;2803;847;0;2019-05-16 10:25:44.066
0x6733;2657;902;0;2019-05-16 10:25:44.443
0x6733;2754;896;0;2019-05-16 10:25:44.616
0x6733;2782;864;0;2019-05-16 10:25:44.802
0x6733;2696;887;0;2019-05-16 10:25:44.983
0x6733;2707;927;0;2019-05-16 10:25:45.353
0x6733;2727;817;0;2019-05-16 10:25:45.538
0x6733;2713;854;0;2019-05-16 10:25:45.715
0x6733;2653;817;0;2019-05-16 10:25:45.898
0x6733;2750;784;0;2019-05-16 10:25:46.080
0x6733;2756;776;0;2019-05-16 10:25:46.446
0x6733;2731;831;0;2019-05-16 10:25:46.637
0x6733;2651;845;0;2019-05-16 10:25:46.996
0x6733;2712;886;0;2019-05-16 10:25:47.172
0x6733;2773;785;0;2019-05-16 10:25:47.363
0x6733;2737;815;0;2019-05-16 10:25:47.540
0x6733;2672;830;0;2019-05-16 10:25:47.740
0x6733;2726;863;0;2019-05-16 10:25:47.915
0x6733;2733;871;0;2019-05-16 10:25:48.101
0x6733;2658;857;0;2019-05-16 10:25:48.278
0x6733;2609;879;0;2019-05-16 10:25:48.645
0x6733;2544;924;0;2019-05-16 10:25:48.820
0x6733;2729;874;0;2019-05-16 10:25:49.190
0x6733;2799;870;0;2019-05-16 10:25:49.380
0x6733;2795;861;0;2019-05-16 10:25:49.551
0x6733;2688;871;0;2019-05-16 10:25:49.739
0x6733;2754;866;0;2019-05-16 10:25:49.924
0x6733;2710;904;0;2019-05-16 10:25:50.109
0x6733;2693;868;0;2019-05-16 10:25:50.284
0x6733;2761;848;0;2019-05-16 10:25:50.470
0x6733;2717;867;0;2019-05-16 10:25:50.660
0x6733;2695;851;0;2019-05-16 10:25:50.837
0x6733;2709;865;0;2019-05-16 10:25:51.209
0x6733;2722;891;0;2019-05-16 10:25:51.391
0x6733;2725;862;0;2019-05-16 10:25:51.570
0x6733;2760;872;0;2019-05-16 10:25:51.936
0x6733;2761;859;0;2019-05-16 10:25:52.128
0x6733;2701;894;0;2019-05-16 10:25:52.314
0x6733;2747;898;0;2019-05-16 10:25:52.491
0x6733;2786;841;0;2019-05-16 10:25:52.674
0x6733;2779;866;0;2019-05-16 10:25:52.852
0x6733;2773;871;0;2019-05-16 10:25:53.054
0x6733;2729;881;0;2019-05-16 10:25:53.222
0x6733;2748;853;0;2019-05-16 10:25:53.404
0x6733;2731;884;0;2019-05-16 10:25:53.586
0x6733;2747;901;0;2019-05-16 10:25:53.959
0x6733;2721;870;0;2019-05-16 10:25:54.143
0x6733;2706;884;0;2019-05-16 10:25:54.323
0x6733;2741;867;0;2019-05-16 10:25:54.690
0x6733;2741;858;0;2019-05-16 10:25:54.873
0x6733;2797;882;0;2019-05-16 10:25:55.055
0x6733;2724;883;0;2019-05-16 10:25:55.237
0x6733;2748;876;0;2019-05-16 10:25:55.420
0x6733;2717;896;0;2019-05-16 10:25:55.608
0x6733;2767;887;0;2019-05-16 10:25:55.974
0x6733;2684;849;0;2019-05-16 10:25:56.158
0x6733;2663;871;0;2019-05-16 10:25:56.344
0x6733;2777;845;0;2019-05-16 10:25:56.526
0x6733;2751;775;0;2019-05-16 10:25:56.714
0x6733;2708;782;0;2019-05-16 10:25:56.898
0x6733;2701;774;0;2019-05-16 10:25:57.081
0x6733;2682;803;0;2019-05-16 10:25:57.264
0x6733;2735;766;0;2019-05-16 10:25:57.441
0x6733;2729;783;0;2019-05-16 10:25:57.628
0x6733;2679;820;0;2019-05-16 10:25:57.998
0x6733;2750;838;0;2019-05-16 10:25:58.180
0x6733;2758;838;0;2019-05-16 10:25:58.358
0x6733;2735;844;0;2019-05-16 10:25:58.910
0x6733;2753;830;0;2019-05-16 10:25:59.283
0x6733;2725;836;0;2019-05-16 10:25:59.466
0x6733;2728;821;0;2019-05-16 10:25:59.646
0x6733;2754;802;0;2019-05-16 10:26:00.017
0x6733;2755;786;0;2019-05-16 10:26:00.199
0x6733;2744;789;0;2019-05-16 10:26:00.378
0x6733;2724;783;0;2019-05-16 10:26:00.747
0x6733;2737;823;0;2019-05-16 10:26:00.929
0x6733;2726;793;0;2019-05-16 10:26:01.121
0x6733;2736;795;0;2019-05-16 10:26:01.300
0x6733;2740;800;0;2019-05-16 10:26:01.481
0x6733;2698;831;0;2019-05-16 10:26:01.663
0x6733;2778;799;0;2019-05-16 10:26:02.038
0x6733;2778;869;0;2019-05-16 10:26:02.402
0x6733;2749;971;0;2019-05-16 10:26:02.767
0x6733;2811;937;0;2019-05-16 10:26:02.949
0x6733;2806;1105;0;2019-05-16 10:26:03.322
0x6733;2876;1223;0;2019-05-16 10:26:03.501
0x6733;2888;1332;0;2019-05-16 10:26:03.688
0x6733;2877;1333;0;2019-05-16 10:26:03.871
0x6733;2529;1847;0;2019-05-16 10:26:04.235
0x6733;2951;1704;0;2019-05-16 10:26:04.422
0x6733;2781;1945;0;2019-05-16 10:26:04.606
0x6733;2645;2124;0;2019-05-16 10:26:04.789
0x6733;2593;2111;0;2019-05-16 10:26:05.343
0x6733;2445;2156;0;2019-05-16 10:26:05.518
0x6733;2301;2180;0;2019-05-16 10:26:05.702
0x6733;2145;2229;0;2019-05-16 10:26:05.887
0x6733;1981;2152;0;2019-05-16 10:26:06.065
0x6733;1720;1966;0;2019-05-16 10:26:06.439
0x6733;1600;1912;0;2019-05-16 10:26:06.620
0x6733;912;1370;0;2019-05-16 10:26:06.801
0x6733;1356;1819;0;2019-05-16 10:26:06.983
0x6733;1328;1682;0;2019-05-16 10:26:07.174
0x6733;1293;1548;0;2019-05-16 10:26:07.356
0x6733;1217;1386;0;2019-05-16 10:26:07.537
0x6733;1130;1195;0;2019-05-16 10:26:07.718
0x6733;1121;1046;0;2019-05-16 10:26:07.908
0x6733;1049;782;0;2019-05-16 10:26:08.272
0x6733;1054;649;0;2019-05-16 10:26:08.455
0x6733;1108;510;0;2019-05-16 10:26:08.645
0x6733;1235;376;0;2019-05-16 10:26:08.824
0x6733;1290;307;0;2019-05-16 10:26:09.009
0x6733;1623;322;0;2019-05-16 10:26:09.183
0x6733;2059;259;0;2019-05-16 10:26:09.553
0x6733;2718;764;0;2019-05-16 10:26:09.739
0x6733;2602;393;0;2019-05-16 10:26:10.288
0x6733;2794;537;0;2019-05-16 10:26:10.470
0x6733;3443;764;0;2019-05-16 10:26:10.656
0x6733;3067;700;0;2019-05-16 10:26:10.832
0x6733;3186;869;0;2019-05-16 10:26:11.019
0x6733;3184;956;0;2019-05-16 10:26:11.207
0x6733;3261;1223;0;2019-05-16 10:26:11.385
0x6733;3232;1384;0;2019-05-16 10:26:11.570
0x6733;3185;1387;0;2019-05-16 10:26:11.757
0x6733;3210;1547;0;2019-05-16 10:26:11.930
0x6733;3086;1943;0;2019-05-16 10:26:12.301
0x6733;2934;2073;0;2019-05-16 10:26:12.485
0x6733;2850;2153;0;2019-05-16 10:26:12.672
0x6733;2780;2265;0;2019-05-16 10:26:12.846
0x6733;2582;2277;0;2019-05-16 10:26:13.034
0x6733;2222;2529;0;2019-05-16 10:26:13.221
0x6733;2027;2328;0;2019-05-16 10:26:13.576
0x6733;1898;2289;0;2019-05-16 10:26:13.770
0x6733;1757;2195;0;2019-05-16 10:26:13.956
0x6733;1544;2285;0;2019-05-16 10:26:14.136
0x6733;1400;2156;0;2019-05-16 10:26:14.318
0x6733;1111;2074;0;2019-05-16 10:26:14.499
0x6733;577;1493;0;2019-05-16 10:26:14.686
0x6733;680;1436;0;2019-05-16 10:26:14.867
0x6733;830;1559;0;2019-05-16 10:26:15.050
0x6733;845;1384;0;2019-05-16 10:26:15.235
0x6733;939;1315;0;2019-05-16 10:26:15.414
0x6733;808;1043;0;2019-05-16 10:26:15.601
0x6733;823;824;0;2019-05-16 10:26:15.781
0x6733;839;686;0;2019-05-16 10:26:15.965
0x6733;904;519;0;2019-05-16 10:26:16.149
0x6733;1527;354;0;2019-05-16 10:26:17.057
0x6733;2165;309;0;2019-05-16 10:26:17.251
0x6733;2074;320;0;2019-05-16 10:26:17.422
0x6733;2486;423;0;2019-05-16 10:26:17.609
0x6733;2970;771;0;2019-05-16 10:26:17.973
0x6733;2711;623;0;2019-05-16 10:26:18.159
0x6733;2837;635;0;2019-05-16 10:26:18.338
0x6733;2999;847;0;2019-05-16 10:26:18.521
0x6733;2701;662;0;2019-05-16 10:26:18.713
0x6733;2813;767;0;2019-05-16 10:26:18.891
0x6733;2961;889;0;2019-05-16 10:26:19.071
0x6733;2748;803;0;2019-05-16 10:26:19.256
0x6733;2784;812;0;2019-05-16 10:26:19.434
0x6733;2922;817;0;2019-05-16 10:26:19.627
0x6733;2791;815;0;2019-05-16 10:26:19.806
0x6733;2856;735;0;2019-05-16 10:26:19.990
0x6733;2814;742;0;2019-05-16 10:26:20.177
0x6733;2871;795;0;2019-05-16 10:26:20.352
0x6733;2890;849;0;2019-05-16 10:26:20.540
0x6733;2942;778;0;2019-05-16 10:26:20.728
0x6733;2871;818;0;2019-05-16 10:26:20.905
0x6733;2944;949;0;2019-05-16 10:26:21.094
0x6733;3017;1005;0;2019-05-16 10:26:21.277
0x6733;3066;1104;0;2019-05-16 10:26:21.638
0x6733;3071;1335;0;2019-05-16 10:26:22.189
0x6733;3091;1337;0;2019-05-16 10:26:22.374
0x6733;3130;1500;0;2019-05-16 10:26:22.738
0x6733;3132;1649;0;2019-05-16 10:26:22.928
0x6733;3119;1753;0;2019-05-16 10:26:23.104
0x6733;3094;1961;0;2019-05-16 10:26:23.284
0x6733;2997;2481;0;2019-05-16 10:26:24.016
0x6733;2199;3035;0;2019-05-16 10:26:24.208
0x6733;2565;2584;0;2019-05-16 10:26:24.385
0x6733;2437;2513;0;2019-05-16 10:26:24.569
0x6733;2244;2595;0;2019-05-16 10:26:24.937
0x6733;2125;2625;0;2019-05-16 10:26:25.124
0x6733;1991;2626;0;2019-05-16 10:26:25.306
0x6733;1567;2597;0;2019-05-16 10:26:25.662
0x6733;1473;2529;0;2019-05-16 10:26:25.856
0x6733;1422;2442;0;2019-05-16 10:26:26.034
0x6733;1284;2417;0;2019-05-16 10:26:26.222
0x6733;1307;2325;0;2019-05-16 10:26:26.404
0x6733;1718;2100;0;2019-05-16 10:26:26.767
0x6733;1671;2078;0;2019-05-16 10:26:26.945
0x6733;1836;2069;0;2019-05-16 10:26:27.129
0x6733;1948;2083;0;2019-05-16 10:26:27.320
0x6733;2151;2059;0;2019-05-16 10:26:27.500
0x6733;2275;2088;0;2019-05-16 10:26:27.680
0x6733;2323;2149;0;2019-05-16 10:26:27.862
0x6733;2494;2206;0;2019-05-16 10:26:28.408
0x6733;2520;2359;0;2019-05-16 10:26:28.595
0x6733;2472;2451;0;2019-05-16 10:26:28.789
0x6733;2620;2493;0;2019-05-16 10:26:29.144
0x6733;2614;2567;0;2019-05-16 10:26:29.336
0x6733;2651;2714;0;2019-05-16 10:26:29.513
0x6733;2721;2627;0;2019-05-16 10:26:29.690
0x6733;2054;3204;0;2019-05-16 10:26:29.877
0x6733;2299;2632;0;2019-05-16 10:26:30.062
0x6733;2228;2690;0;2019-05-16 10:26:30.241
0x6733;2088;2689;0;2019-05-16 10:26:30.424
0x6733;2007;2744;0;2019-05-16 10:26:30.608
0x6733;2078;2659;0;2019-05-16 10:26:30.796
0x6733;1788;2644;0;2019-05-16 10:26:30.974
0x6733;1469;2675;0;2019-05-16 10:26:31.335
0x6733;1367;2561;0;2019-05-16 10:26:31.522
0x6733;1259;2494;0;2019-05-16 10:26:31.700
0x6733;1414;2414;0;2019-05-16 10:26:31.885
0x6733;1675;2222;0;2019-05-16 10:26:32.071
0x6733;1293;2193;0;2019-05-16 10:26:32.251
0x6733;1569;2074;0;2019-05-16 10:26:32.430
0x6733;1440;2054;0;2019-05-16 10:26:32.801
0x6733;1782;2268;0;2019-05-16 10:26:32.987
0x6733;1647;2147;0;2019-05-16 10:26:33.172
0x6733;1882;2189;0;2019-05-16 10:26:33.351
0x6733;1935;2189;0;2019-05-16 10:26:33.722
0x6733;2175;2206;0;2019-05-16 10:26:33.899
0x6733;2201;2282;0;2019-05-16 10:26:34.082
0x6733;2256;2450;0;2019-05-16 10:26:34.255
0x6733;2352;2418;0;2019-05-16 10:26:34.442
0x6733;2415;2447;0;2019-05-16 10:26:34.620
0x6733;2596;2411;0;2019-05-16 10:26:34.805
0x6733;2693;2372;0;2019-05-16 10:26:34.993
0x6733;2670;2253;0;2019-05-16 10:26:35.172
0x6733;2739;2139;0;2019-05-16 10:26:35.358
0x6733;2893;1953;0;2019-05-16 10:26:35.536
0x6733;2914;1905;0;2019-05-16 10:26:35.721
0x6733;2900;1870;0;2019-05-16 10:26:35.908
0x6733;2905;1624;0;2019-05-16 10:26:36.090
0x6733;3068;1439;0;2019-05-16 10:26:36.263
0x6733;3005;1412;0;2019-05-16 10:26:36.446
0x6733;2895;1131;0;2019-05-16 10:26:36.819
0x6733;2862;1019;0;2019-05-16 10:26:37.003
0x6733;2796;834;0;2019-05-16 10:26:37.370
0x6733;2777;764;0;2019-05-16 10:26:37.548
0x6733;2771;494;0;2019-05-16 10:26:37.919
0x6733;2431;608;0;2019-05-16 10:26:38.101
0x6733;2574;529;0;2019-05-16 10:26:38.282
0x6733;2036;418;0;2019-05-16 10:26:38.655
0x6733;1996;288;0;2019-05-16 10:26:39.020
0x6733;1844;271;0;2019-05-16 10:26:39.207
0x6733;1700;578;0;2019-05-16 10:26:39.382
0x6733;1086;626;0;2019-05-16 10:26:39.938
0x6733;1143;619;0;2019-05-16 10:26:40.119
0x6733;1101;780;0;2019-05-16 10:26:40.299
0x6733;1009;903;0;2019-05-16 10:26:40.487
0x6733;937;935;0;2019-05-16 10:26:40.671
0x6733;918;1081;0;2019-05-16 10:26:40.855
0x6733;737;1176;0;2019-05-16 10:26:41.031
0x6733;907;1390;0;2019-05-16 10:26:41.399
0x6733;599;1779;0;2019-05-16 10:26:41.590
0x6733;953;1679;0;2019-05-16 10:26:41.768
0x6733;1014;1718;0;2019-05-16 10:26:41.949
0x6733;1213;1981;0;2019-05-16 10:26:42.312
0x6733;1245;2003;0;2019-05-16 10:26:42.496
0x6733;1308;2073;0;2019-05-16 10:26:42.674
0x6733;1406;2184;0;2019-05-16 10:26:42.868
0x6733;1810;2192;0;2019-05-16 10:26:43.040
0x6733;1964;2299;0;2019-05-16 10:26:43.413
0x6733;2115;2307;0;2019-05-16 10:26:43.601
0x6733;2191;2299;0;2019-05-16 10:26:43.784
0x6733;2352;2264;0;2019-05-16 10:26:44.149
0x6733;2603;2210;0;2019-05-16 10:26:44.333
0x6733;2796;2055;0;2019-05-16 10:26:44.511
0x6733;2963;1985;0;2019-05-16 10:26:44.875
0x6733;2949;1925;0;2019-05-16 10:26:45.056
0x6733;3043;1795;0;2019-05-16 10:26:45.248
0x6733;3137;1464;0;2019-05-16 10:26:45.608
0x6733;3116;1279;0;2019-05-16 10:26:45.793
0x6733;2951;1142;0;2019-05-16 10:26:45.992
0x6733;2736;486;0;2019-05-16 10:26:46.353
0x6733;2705;753;0;2019-05-16 10:26:46.728
0x6733;2587;692;0;2019-05-16 10:26:46.905
0x6733;2780;700;0;2019-05-16 10:26:47.085
0x6733;2710;557;0;2019-05-16 10:26:47.275
0x6733;2564;456;0;2019-05-16 10:26:47.456
0x6733;2447;449;0;2019-05-16 10:26:47.634
0x6733;2276;323;0;2019-05-16 10:26:47.831
0x6733;1842;285;0;2019-05-16 10:26:48.014
0x6733;1669;293;0;2019-05-16 10:26:48.185
0x6733;1548;289;0;2019-05-16 10:26:48.374
0x6733;1673;371;0;2019-05-16 10:26:48.557
0x6733;1525;431;0;2019-05-16 10:26:48.742
0x6733;1154;467;0;2019-05-16 10:26:48.923
0x6733;828;612;0;2019-05-16 10:26:49.098
0x6733;860;456;0;2019-05-16 10:26:49.285
0x6733;1027;645;0;2019-05-16 10:26:49.472
0x6733;989;999;0;2019-05-16 10:26:49.828
0x6733;893;1092;0;2019-05-16 10:26:50.018
0x6733;753;1215;0;2019-05-16 10:26:50.193
0x6733;856;1331;0;2019-05-16 10:26:50.377
0x6733;1028;1413;0;2019-05-16 10:26:50.571
0x6733;966;1580;0;2019-05-16 10:26:50.757
0x6733;976;1712;0;2019-05-16 10:26:50.932
0x6733;1033;1793;0;2019-05-16 10:26:51.114
0x6733;1278;1889;0;2019-05-16 10:26:51.296
0x6733;1350;1920;0;2019-05-16 10:26:51.490
0x6733;1552;2093;0;2019-05-16 10:26:51.844
0x6733;1582;2114;0;2019-05-16 10:26:52.029
0x6733;1748;2083;0;2019-05-16 10:26:52.220
0x6733;2169;2174;0;2019-05-16 10:26:52.582
0x6733;2078;2074;0;2019-05-16 10:26:52.764
0x6733;2282;2123;0;2019-05-16 10:26:52.949
0x6733;2556;2046;0;2019-05-16 10:26:53.128
0x6733;2756;1910;0;2019-05-16 10:26:53.495
0x6733;2936;1842;0;2019-05-16 10:26:53.868
0x6733;3051;1565;0;2019-05-16 10:26:54.228
0x6733;3083;1407;0;2019-05-16 10:26:54.415
0x6733;2923;1181;0;2019-05-16 10:26:54.598
0x6733;2910;1078;0;2019-05-16 10:26:54.778
0x6733;3098;829;0;2019-05-16 10:26:54.970
0x6733;3116;867;0;2019-05-16 10:26:55.148
0x6733;2697;725;0;2019-05-16 10:26:55.515
0x6733;2776;709;0;2019-05-16 10:26:55.720
0x6733;2637;638;0;2019-05-16 10:26:55.882
0x6733;2691;605;0;2019-05-16 10:26:56.066
0x6733;2593;557;0;2019-05-16 10:26:56.244
0x6733;2118;535;0;2019-05-16 10:26:56.429
0x6733;2139;550;0;2019-05-16 10:26:56.606
0x6733;2082;413;0;2019-05-16 10:26:56.796
0x6733;1655;519;0;2019-05-16 10:26:56.975
0x6733;1420;724;0;2019-05-16 10:26:57.710
0x6733;1577;838;0;2019-05-16 10:26:57.893
0x6733;1608;906;0;2019-05-16 10:26:58.071
0x6733;1958;777;0;2019-05-16 10:26:58.260
0x6733;2073;827;0;2019-05-16 10:26:58.451
0x6733;2197;763;0;2019-05-16 10:26:58.621
0x6733;2293;780;0;2019-05-16 10:26:58.808
0x6733;2581;898;0;2019-05-16 10:26:59.177
0x6733;2550;806;0;2019-05-16 10:26:59.360
0x6733;2581;897;0;2019-05-16 10:26:59.912
0x6733;2638;871;0;2019-05-16 10:27:00.099
0x6733;2664;871;0;2019-05-16 10:27:00.280
0x6733;2608;862;0;2019-05-16 10:27:00.466
0x6733;2548;894;0;2019-05-16 10:27:00.652
0x6733;2655;849;0;2019-05-16 10:27:00.830
0x6733;2592;857;0;2019-05-16 10:27:01.008
0x6733;2659;843;0;2019-05-16 10:27:01.200
0x6733;2530;829;0;2019-05-16 10:27:01.381
0x6733;2511;847;0;2019-05-16 10:27:01.569
0x6733;2682;821;0;2019-05-16 10:27:01.746
0x6733;2497;861;0;2019-05-16 10:27:01.931
0x6733;2500;839;0;2019-05-16 10:27:02.114
0x6733;2571;830;0;2019-05-16 10:27:02.296
0x6733;2531;852;0;2019-05-16 10:27:02.655
0x6733;2670;876;0;2019-05-16 10:27:02.844
0x6733;2543;835;0;2019-05-16 10:27:03.216
0x6733;2529;840;0;2019-05-16 10:27:03.391
0x6733;2509;846;0;2019-05-16 10:27:03.568
0x6733;2549;789;0;2019-05-16 10:27:03.754
0x6733;2531;783;0;2019-05-16 10:27:03.939
0x6733;2488;796;0;2019-05-16 10:27:04.118
0x6733;2576;804;0;2019-05-16 10:27:04.301
0x6733;2614;793;0;2019-05-16 10:27:04.482
0x6733;2603;791;0;2019-05-16 10:27:04.669
0x6733;2591;791;0;2019-05-16 10:27:04.850
0x6733;2616;818;0;2019-05-16 10:27:05.222
0x6733;2510;827;0;2019-05-16 10:27:05.396
0x6733;2622;845;0;2019-05-16 10:27:05.584
0x6733;2629;827;0;2019-05-16 10:27:05.764
0x6733;2533;824;0;2019-05-16 10:27:05.954
0x6733;2496;839;0;2019-05-16 10:27:06.133
0x6733;2544;818;0;2019-05-16 10:27:06.319
0x6733;2526;826;0;2019-05-16 10:27:06.510
0x6733;2548;824;0;2019-05-16 10:27:06.684
0x6733;2638;833;0;2019-05-16 10:27:06.869
0x6733;2532;846;0;2019-05-16 10:27:07.052
0x6733;2559;815;0;2019-05-16 10:27:07.232
0x6733;2522;846;0;2019-05-16 10:27:07.421
0x6733;2652;834;0;2019-05-16 10:27:07.598
0x6733;2549;834;0;2019-05-16 10:27:07.783
0x6733;2508;795;0;2019-05-16 10:27:07.971
0x6733;2590;830;0;2019-05-16 10:27:08.153
0x6733;2542;821;0;2019-05-16 10:27:08.336
0x6733;2528;810;0;2019-05-16 10:27:08.512
0x6733;2533;820;0;2019-05-16 10:27:08.712
0x6733;2619;839;0;2019-05-16 10:27:08.883
0x6733;2562;843;0;2019-05-16 10:27:09.065
0x6733;2577;816;0;2019-05-16 10:27:09.246
0x6733;2543;792;0;2019-05-16 10:27:09.421
0x6733;2590;784;0;2019-05-16 10:27:09.613
0x6733;2611;790;0;2019-05-16 10:27:09.790
0x6733;2616;803;0;2019-05-16 10:27:10.338
0x6733;2551;788;0;2019-05-16 10:27:10.711
0x6733;2611;829;0;2019-05-16 10:27:11.071
0x6733;2559;850;0;2019-05-16 10:27:11.259
0x6733;2630;855;0;2019-05-16 10:27:11.438
0x6733;2566;828;0;2019-05-16 10:27:11.626
0x6733;2606;840;0;2019-05-16 10:27:11.990
0x6733;2576;834;0;2019-05-16 10:27:12.167
0x6733;2651;833;0;2019-05-16 10:27:12.541
0x6733;2598;803;0;2019-05-16 10:27:12.721
0x6733;2613;805;0;2019-05-16 10:27:12.899
0x6733;2574;783;0;2019-05-16 10:27:13.092
