;time;id;x;y;height;cam
0;1557995040213;27966;266;186;1176;D8:80:39:D8:42:9E
1;1557995040213;27974;487;200;1210;D8:80:39:D8:42:9E
2;1557995040414;27966;267;186;1176;D8:80:39:D8:42:9E
3;1557995040414;27974;487;200;1210;D8:80:39:D8:42:9E
4;1557995040710;27966;267;185;1176;D8:80:39:D8:42:9E
5;1557995040710;27974;487;200;1210;D8:80:39:D8:42:9E
6;1557995040911;27966;268;185;1176;D8:80:39:D8:42:9E
7;1557995040911;27974;488;201;1202;D8:80:39:D8:42:9E
8;1557995041212;27966;268;185;1176;D8:80:39:D8:42:9E
9;1557995041212;27974;488;201;1202;D8:80:39:D8:42:9E
10;1557995041512;27966;268;184;1176;D8:80:39:D8:42:9E
11;1557995041512;27974;488;201;1202;D8:80:39:D8:42:9E
12;1557995041713;27966;267;185;1176;D8:80:39:D8:42:9E
13;1557995041713;27974;487;201;1202;D8:80:39:D8:42:9E
14;1557995041913;27966;267;185;1176;D8:80:39:D8:42:9E
15;1557995041913;27974;487;201;1202;D8:80:39:D8:42:9E
16;1557995042208;27966;267;185;1176;D8:80:39:D8:42:9E
17;1557995042208;27974;487;202;1209;D8:80:39:D8:42:9E
18;1557995042513;27966;268;185;1176;D8:80:39:D8:42:9E
19;1557995042513;27974;488;202;1202;D8:80:39:D8:42:9E
20;1557995042713;27966;268;185;1176;D8:80:39:D8:42:9E
21;1557995042713;27974;488;202;1202;D8:80:39:D8:42:9E
22;1557995042932;27966;268;185;1176;D8:80:39:D8:42:9E
23;1557995042932;27974;488;202;1202;D8:80:39:D8:42:9E
24;1557995043220;27966;267;184;1176;D8:80:39:D8:42:9E
25;1557995043220;27974;487;202;1217;D8:80:39:D8:42:9E
26;1557995043413;27966;267;184;1183;D8:80:39:D8:42:9E
27;1557995043413;27974;487;202;1217;D8:80:39:D8:42:9E
28;1557995043723;27966;267;184;1199;D8:80:39:D8:42:9E
29;1557995043723;27974;487;202;1202;D8:80:39:D8:42:9E
30;1557995043914;27966;265;183;1207;D8:80:39:D8:42:9E
31;1557995043914;27974;487;201;1202;D8:80:39:D8:42:9E
32;1557995044218;27966;264;182;1215;D8:80:39:D8:42:9E
33;1557995044218;27974;487;201;1202;D8:80:39:D8:42:9E
34;1557995044409;27966;263;181;1215;D8:80:39:D8:42:9E
35;1557995044409;27974;488;202;1202;D8:80:39:D8:42:9E
36;1557995044710;27966;262;180;1230;D8:80:39:D8:42:9E
37;1557995044710;27974;487;202;1202;D8:80:39:D8:42:9E
38;1557995044941;27966;262;179;1238;D8:80:39:D8:42:9E
39;1557995044941;27974;487;202;1202;D8:80:39:D8:42:9E
40;1557995045245;27966;262;178;1222;D8:80:39:D8:42:9E
41;1557995045245;27974;487;202;1202;D8:80:39:D8:42:9E
42;1557995045409;27966;262;178;1215;D8:80:39:D8:42:9E
43;1557995045409;27974;487;202;1202;D8:80:39:D8:42:9E
44;1557995045707;27966;262;178;1215;D8:80:39:D8:42:9E
45;1557995045707;27974;488;202;1202;D8:80:39:D8:42:9E
46;1557995045909;27966;263;178;1215;D8:80:39:D8:42:9E
47;1557995045909;27974;488;202;1202;D8:80:39:D8:42:9E
48;1557995046219;27966;263;178;1223;D8:80:39:D8:42:9E
49;1557995046219;27974;487;202;1202;D8:80:39:D8:42:9E
50;1557995046410;27966;263;178;1223;D8:80:39:D8:42:9E
51;1557995046410;27974;487;202;1202;D8:80:39:D8:42:9E
52;1557995046707;27966;263;178;1216;D8:80:39:D8:42:9E
53;1557995046707;27974;487;201;1202;D8:80:39:D8:42:9E
54;1557995046907;27966;263;178;1216;D8:80:39:D8:42:9E
55;1557995046907;27974;487;202;1202;D8:80:39:D8:42:9E
56;1557995047226;27966;263;178;1216;D8:80:39:D8:42:9E
57;1557995047226;27974;487;202;1209;D8:80:39:D8:42:9E
58;1557995047412;27966;263;178;1216;D8:80:39:D8:42:9E
59;1557995047412;27974;486;202;1209;D8:80:39:D8:42:9E
60;1557995047706;27966;263;178;1216;D8:80:39:D8:42:9E
61;1557995047706;27974;487;202;1202;D8:80:39:D8:42:9E
62;1557995048012;27966;263;177;1216;D8:80:39:D8:42:9E
63;1557995048012;27974;487;202;1202;D8:80:39:D8:42:9E
64;1557995048215;27966;264;177;1216;D8:80:39:D8:42:9E
65;1557995048215;27974;487;202;1202;D8:80:39:D8:42:9E
66;1557995048511;27966;264;176;1216;D8:80:39:D8:42:9E
67;1557995048511;27974;488;202;1202;D8:80:39:D8:42:9E
68;1557995048716;27966;264;176;1216;D8:80:39:D8:42:9E
69;1557995048716;27974;488;202;1202;D8:80:39:D8:42:9E
70;1557995048911;27966;263;175;1216;D8:80:39:D8:42:9E
71;1557995048911;27974;488;202;1202;D8:80:39:D8:42:9E
72;1557995049223;27966;264;176;1216;D8:80:39:D8:42:9E
73;1557995049223;27974;488;202;1202;D8:80:39:D8:42:9E
74;1557995049414;27966;264;176;1216;D8:80:39:D8:42:9E
75;1557995049414;27974;488;202;1202;D8:80:39:D8:42:9E
76;1557995049710;27966;264;175;1216;D8:80:39:D8:42:9E
77;1557995049710;27974;488;201;1210;D8:80:39:D8:42:9E
78;1557995049912;27966;264;176;1216;D8:80:39:D8:42:9E
79;1557995049912;27974;487;202;1210;D8:80:39:D8:42:9E
80;1557995050258;27966;263;175;1216;D8:80:39:D8:42:9E
81;1557995050258;27974;487;202;1202;D8:80:39:D8:42:9E
82;1557995050414;27966;263;175;1216;D8:80:39:D8:42:9E
83;1557995050414;27974;487;202;1202;D8:80:39:D8:42:9E
84;1557995050712;27966;263;176;1216;D8:80:39:D8:42:9E
85;1557995050712;27974;488;202;1202;D8:80:39:D8:42:9E
86;1557995050914;27966;263;175;1216;D8:80:39:D8:42:9E
87;1557995050914;27974;488;202;1202;D8:80:39:D8:42:9E
88;1557995051223;27966;263;176;1216;D8:80:39:D8:42:9E
89;1557995051223;27974;487;202;1202;D8:80:39:D8:42:9E
90;1557995051413;27966;263;176;1216;D8:80:39:D8:42:9E
91;1557995051413;27974;487;202;1202;D8:80:39:D8:42:9E
92;1557995051707;27966;263;177;1216;D8:80:39:D8:42:9E
93;1557995051707;27974;487;202;1202;D8:80:39:D8:42:9E
94;1557995051908;27966;264;177;1216;D8:80:39:D8:42:9E
95;1557995051908;27974;487;202;1202;D8:80:39:D8:42:9E
96;1557995052206;27966;265;179;1216;D8:80:39:D8:42:9E
97;1557995052206;27974;487;202;1209;D8:80:39:D8:42:9E
98;1557995052425;27966;265;180;1216;D8:80:39:D8:42:9E
99;1557995052425;27974;487;202;1217;D8:80:39:D8:42:9E
100;1557995052712;27966;265;180;1216;D8:80:39:D8:42:9E
101;1557995052712;27974;487;202;1209;D8:80:39:D8:42:9E
102;1557995052912;27966;265;180;1200;D8:80:39:D8:42:9E
103;1557995052912;27974;487;202;1210;D8:80:39:D8:42:9E
104;1557995053224;27966;264;180;1199;D8:80:39:D8:42:9E
105;1557995053224;27974;487;201;1210;D8:80:39:D8:42:9E
106;1557995053419;27966;265;180;1215;D8:80:39:D8:42:9E
107;1557995053419;27974;487;202;1202;D8:80:39:D8:42:9E
108;1557995053709;27966;265;180;1216;D8:80:39:D8:42:9E
109;1557995053709;27974;487;202;1202;D8:80:39:D8:42:9E
110;1557995053913;27966;265;180;1216;D8:80:39:D8:42:9E
111;1557995053913;27974;488;201;1202;D8:80:39:D8:42:9E
112;1557995054216;27966;264;180;1215;D8:80:39:D8:42:9E
113;1557995054216;27974;487;202;1202;D8:80:39:D8:42:9E
114;1557995054411;27966;264;180;1215;D8:80:39:D8:42:9E
115;1557995054411;27974;487;202;1202;D8:80:39:D8:42:9E
116;1557995054710;27966;265;179;1215;D8:80:39:D8:42:9E
117;1557995054710;27974;487;202;1210;D8:80:39:D8:42:9E
118;1557995054914;27966;265;178;1216;D8:80:39:D8:42:9E
119;1557995054914;27974;487;202;1210;D8:80:39:D8:42:9E
120;1557995055222;27966;265;178;1216;D8:80:39:D8:42:9E
121;1557995055222;27974;487;202;1202;D8:80:39:D8:42:9E
122;1557995055448;27966;265;177;1216;D8:80:39:D8:42:9E
123;1557995055448;27974;487;202;1202;D8:80:39:D8:42:9E
124;1557995055715;27966;265;177;1216;D8:80:39:D8:42:9E
125;1557995055715;27974;488;202;1202;D8:80:39:D8:42:9E
126;1557995055911;27966;265;177;1216;D8:80:39:D8:42:9E
127;1557995055911;27974;487;202;1202;D8:80:39:D8:42:9E
128;1557995056212;27966;265;177;1216;D8:80:39:D8:42:9E
129;1557995056212;27974;487;202;1202;D8:80:39:D8:42:9E
130;1557995056512;27966;265;177;1216;D8:80:39:D8:42:9E
131;1557995056512;27974;488;201;1202;D8:80:39:D8:42:9E
132;1557995056714;27966;265;177;1216;D8:80:39:D8:42:9E
133;1557995056714;27974;487;201;1202;D8:80:39:D8:42:9E
134;1557995057011;27966;265;176;1216;D8:80:39:D8:42:9E
135;1557995057011;27974;487;201;1202;D8:80:39:D8:42:9E
136;1557995057245;27966;265;175;1216;D8:80:39:D8:42:9E
137;1557995057245;27974;487;201;1202;D8:80:39:D8:42:9E
138;1557995057409;27966;265;176;1216;D8:80:39:D8:42:9E
139;1557995057409;27974;487;201;1202;D8:80:39:D8:42:9E
140;1557995057705;27966;265;176;1216;D8:80:39:D8:42:9E
141;1557995057705;27974;488;201;1202;D8:80:39:D8:42:9E
142;1557995057908;27966;265;176;1216;D8:80:39:D8:42:9E
143;1557995057908;27974;487;201;1202;D8:80:39:D8:42:9E
144;1557995058214;27966;265;177;1216;D8:80:39:D8:42:9E
145;1557995058214;27974;487;201;1202;D8:80:39:D8:42:9E
146;1557995058413;27966;265;177;1216;D8:80:39:D8:42:9E
147;1557995058413;27974;487;201;1202;D8:80:39:D8:42:9E
148;1557995058710;27966;265;176;1200;D8:80:39:D8:42:9E
149;1557995058710;27974;488;201;1202;D8:80:39:D8:42:9E
150;1557995058911;27966;264;176;1185;D8:80:39:D8:42:9E
151;1557995058911;27974;487;201;1202;D8:80:39:D8:42:9E
152;1557995059215;27966;264;176;1184;D8:80:39:D8:42:9E
153;1557995059215;27974;487;201;1202;D8:80:39:D8:42:9E
154;1557995059408;27966;265;177;1192;D8:80:39:D8:42:9E
155;1557995059408;27974;488;201;1202;D8:80:39:D8:42:9E
156;1557995059716;27966;265;178;1185;D8:80:39:D8:42:9E
157;1557995059716;27974;488;201;1202;D8:80:39:D8:42:9E
158;1557995059911;27966;264;178;1184;D8:80:39:D8:42:9E
159;1557995059911;27974;488;201;1202;D8:80:39:D8:42:9E
160;1557995060210;27966;265;178;1200;D8:80:39:D8:42:9E
161;1557995060210;27974;488;201;1202;D8:80:39:D8:42:9E
162;1557995060410;27966;266;178;1208;D8:80:39:D8:42:9E
163;1557995060410;27974;488;201;1202;D8:80:39:D8:42:9E
164;1557995060706;27966;265;177;1216;D8:80:39:D8:42:9E
165;1557995060706;27974;487;201;1202;D8:80:39:D8:42:9E
166;1557995060937;27966;265;177;1216;D8:80:39:D8:42:9E
167;1557995060937;27974;487;201;1202;D8:80:39:D8:42:9E
168;1557995061224;27966;265;177;1216;D8:80:39:D8:42:9E
169;1557995061224;27974;488;201;1202;D8:80:39:D8:42:9E
170;1557995061511;27966;265;177;1216;D8:80:39:D8:42:9E
171;1557995061511;27974;488;201;1202;D8:80:39:D8:42:9E
172;1557995061712;27966;265;177;1216;D8:80:39:D8:42:9E
173;1557995061712;27974;488;201;1202;D8:80:39:D8:42:9E
174;1557995062012;27966;265;177;1216;D8:80:39:D8:42:9E
175;1557995062012;27974;488;201;1202;D8:80:39:D8:42:9E
176;1557995062216;27966;265;177;1216;D8:80:39:D8:42:9E
177;1557995062216;27974;488;201;1202;D8:80:39:D8:42:9E
178;1557995062407;27966;265;177;1216;D8:80:39:D8:42:9E
179;1557995062407;27974;488;201;1202;D8:80:39:D8:42:9E
180;1557995062715;27966;265;177;1216;D8:80:39:D8:42:9E
181;1557995062715;27974;488;201;1202;D8:80:39:D8:42:9E
182;1557995063010;27966;265;178;1216;D8:80:39:D8:42:9E
183;1557995063010;27974;488;201;1203;D8:80:39:D8:42:9E
184;1557995063224;27966;265;177;1216;D8:80:39:D8:42:9E
185;1557995063224;27974;488;201;1203;D8:80:39:D8:42:9E
186;1557995063413;27966;265;177;1216;D8:80:39:D8:42:9E
187;1557995063413;27974;488;201;1203;D8:80:39:D8:42:9E
188;1557995063711;27966;265;177;1216;D8:80:39:D8:42:9E
189;1557995063711;27974;488;201;1202;D8:80:39:D8:42:9E
190;1557995063912;27966;265;177;1216;D8:80:39:D8:42:9E
191;1557995063912;27974;487;201;1202;D8:80:39:D8:42:9E
192;1557995064208;27966;265;177;1216;D8:80:39:D8:42:9E
193;1557995064208;27974;487;200;1202;D8:80:39:D8:42:9E
194;1557995064414;27966;265;177;1216;D8:80:39:D8:42:9E
195;1557995064414;27974;487;200;1202;D8:80:39:D8:42:9E
196;1557995064710;27966;265;177;1216;D8:80:39:D8:42:9E
197;1557995064710;27974;487;201;1202;D8:80:39:D8:42:9E
198;1557995064911;27966;265;177;1216;D8:80:39:D8:42:9E
199;1557995064911;27974;488;201;1202;D8:80:39:D8:42:9E
200;1557995065232;27966;265;177;1216;D8:80:39:D8:42:9E
201;1557995065232;27974;488;201;1202;D8:80:39:D8:42:9E
202;1557995065412;27966;265;178;1216;D8:80:39:D8:42:9E
203;1557995065412;27974;488;201;1202;D8:80:39:D8:42:9E
204;1557995065708;27966;265;178;1216;D8:80:39:D8:42:9E
205;1557995065708;27974;487;201;1202;D8:80:39:D8:42:9E
206;1557995065911;27966;265;178;1216;D8:80:39:D8:42:9E
207;1557995065911;27974;487;201;1202;D8:80:39:D8:42:9E
208;1557995066249;27966;265;178;1216;D8:80:39:D8:42:9E
209;1557995066249;27974;488;201;1210;D8:80:39:D8:42:9E
210;1557995066410;27966;265;178;1216;D8:80:39:D8:42:9E
211;1557995066410;27974;487;201;1210;D8:80:39:D8:42:9E
212;1557995066707;27966;265;178;1216;D8:80:39:D8:42:9E
213;1557995066707;27974;487;201;1202;D8:80:39:D8:42:9E
214;1557995066909;27966;265;178;1216;D8:80:39:D8:42:9E
215;1557995066909;27974;488;201;1202;D8:80:39:D8:42:9E
216;1557995067237;27966;265;177;1216;D8:80:39:D8:42:9E
217;1557995067237;27974;488;200;1202;D8:80:39:D8:42:9E
218;1557995067409;27966;265;177;1216;D8:80:39:D8:42:9E
219;1557995067409;27974;487;201;1202;D8:80:39:D8:42:9E
220;1557995067707;27966;265;177;1216;D8:80:39:D8:42:9E
221;1557995067707;27974;487;201;1202;D8:80:39:D8:42:9E
222;1557995067914;27966;265;177;1216;D8:80:39:D8:42:9E
223;1557995067914;27974;487;201;1202;D8:80:39:D8:42:9E
224;1557995068219;27966;265;178;1216;D8:80:39:D8:42:9E
225;1557995068219;27974;488;201;1202;D8:80:39:D8:42:9E
226;1557995068418;27966;265;177;1216;D8:80:39:D8:42:9E
227;1557995068418;27974;487;201;1202;D8:80:39:D8:42:9E
228;1557995068710;27966;265;177;1216;D8:80:39:D8:42:9E
229;1557995068710;27974;487;202;1202;D8:80:39:D8:42:9E
230;1557995068909;27966;265;177;1216;D8:80:39:D8:42:9E
231;1557995068909;27974;487;201;1210;D8:80:39:D8:42:9E
232;1557995069232;27966;265;177;1216;D8:80:39:D8:42:9E
233;1557995069232;27974;487;201;1210;D8:80:39:D8:42:9E
234;1557995069409;27966;264;177;1216;D8:80:39:D8:42:9E
235;1557995069409;27974;487;201;1202;D8:80:39:D8:42:9E
236;1557995069714;27966;261;177;1215;D8:80:39:D8:42:9E
237;1557995069714;27974;488;201;1202;D8:80:39:D8:42:9E
238;1557995070025;27966;260;178;1230;D8:80:39:D8:42:9E
239;1557995070025;27974;488;201;1202;D8:80:39:D8:42:9E
240;1557995070216;27966;260;177;1230;D8:80:39:D8:42:9E
241;1557995070216;27974;488;201;1202;D8:80:39:D8:42:9E
242;1557995070413;27966;260;176;1223;D8:80:39:D8:42:9E
243;1557995070413;27974;488;201;1202;D8:80:39:D8:42:9E
244;1557995070711;27966;260;175;1216;D8:80:39:D8:42:9E
245;1557995070711;27974;488;201;1202;D8:80:39:D8:42:9E
246;1557995070913;27966;260;175;1216;D8:80:39:D8:42:9E
247;1557995070913;27974;488;201;1203;D8:80:39:D8:42:9E
248;1557995071220;27966;261;175;1223;D8:80:39:D8:42:9E
249;1557995071220;27974;488;201;1202;D8:80:39:D8:42:9E
250;1557995071414;27966;262;175;1231;D8:80:39:D8:42:9E
251;1557995071414;27974;487;201;1202;D8:80:39:D8:42:9E
252;1557995071717;27966;262;175;1238;D8:80:39:D8:42:9E
253;1557995071717;27974;487;201;1202;D8:80:39:D8:42:9E
254;1557995071915;27966;262;175;1231;D8:80:39:D8:42:9E
255;1557995071915;27974;487;201;1202;D8:80:39:D8:42:9E
256;1557995072218;27966;260;175;1223;D8:80:39:D8:42:9E
257;1557995072218;27974;487;201;1202;D8:80:39:D8:42:9E
258;1557995072512;27966;260;175;1223;D8:80:39:D8:42:9E
259;1557995072512;27974;488;201;1202;D8:80:39:D8:42:9E
260;1557995072710;27966;260;175;1216;D8:80:39:D8:42:9E
261;1557995072710;27974;488;201;1203;D8:80:39:D8:42:9E
262;1557995072912;27966;260;175;1216;D8:80:39:D8:42:9E
263;1557995072912;27974;487;201;1210;D8:80:39:D8:42:9E
264;1557995073219;27966;260;175;1216;D8:80:39:D8:42:9E
265;1557995073219;27974;487;202;1209;D8:80:39:D8:42:9E
266;1557995073415;27966;260;175;1223;D8:80:39:D8:42:9E
267;1557995073415;27974;487;202;1215;D8:80:39:D8:42:9E
268;1557995073716;27976;488;201;1203;D8:80:39:D8:42:9E
269;1557995073716;27966;260;175;1223;D8:80:39:D8:42:9E
270;1557995074013;27976;486;201;1217;D8:80:39:D8:42:9E
271;1557995074013;27966;260;175;1216;D8:80:39:D8:42:9E
272;1557995074216;27976;486;201;1217;D8:80:39:D8:42:9E
273;1557995074216;27966;259;175;1223;D8:80:39:D8:42:9E
274;1557995074415;27976;486;201;1217;D8:80:39:D8:42:9E
275;1557995074415;27966;259;175;1238;D8:80:39:D8:42:9E
276;1557995074715;27976;487;201;1210;D8:80:39:D8:42:9E
277;1557995074715;27966;258;175;1246;D8:80:39:D8:42:9E
278;1557995074909;27976;487;201;1210;D8:80:39:D8:42:9E
279;1557995074909;27966;257;175;1246;D8:80:39:D8:42:9E
280;1557995074909;27977;273;193;1256;D8:80:39:D8:42:9E
281;1557995075224;27976;487;201;1210;D8:80:39:D8:42:9E
282;1557995075224;27966;257;174;1254;D8:80:39:D8:42:9E
283;1557995075224;27977;275;195;1316;D8:80:39:D8:42:9E
284;1557995075418;27976;488;201;1202;D8:80:39:D8:42:9E
285;1557995075418;27966;258;174;1254;D8:80:39:D8:42:9E
286;1557995075418;27977;276;195;1264;D8:80:39:D8:42:9E
287;1557995075718;27976;487;202;1210;D8:80:39:D8:42:9E
288;1557995075718;27966;258;175;1246;D8:80:39:D8:42:9E
289;1557995075718;27977;279;194;1121;D8:80:39:D8:42:9E
290;1557995075912;27976;487;202;1210;D8:80:39:D8:42:9E
291;1557995075912;27966;259;175;1231;D8:80:39:D8:42:9E
292;1557995075912;27977;282;192;1024;D8:80:39:D8:42:9E
293;1557995076211;27976;486;201;1225;D8:80:39:D8:42:9E
294;1557995076211;27966;261;175;1216;D8:80:39:D8:42:9E
295;1557995076211;27977;285;191;950;D8:80:39:D8:42:9E
296;1557995076417;27976;485;200;1233;D8:80:39:D8:42:9E
297;1557995076417;27966;262;175;1216;D8:80:39:D8:42:9E
298;1557995076417;27977;285;191;950;D8:80:39:D8:42:9E
299;1557995076717;27976;486;201;1225;D8:80:39:D8:42:9E
300;1557995076717;27966;261;175;1216;D8:80:39:D8:42:9E
301;1557995076717;27977;285;191;950;D8:80:39:D8:42:9E
302;1557995076946;27976;487;202;1202;D8:80:39:D8:42:9E
303;1557995076946;27966;261;175;1216;D8:80:39:D8:42:9E
304;1557995077222;27966;261;175;1216;D8:80:39:D8:42:9E
305;1557995077222;27978;486;201;1215;D8:80:39:D8:42:9E
306;1557995077409;27966;261;174;1216;D8:80:39:D8:42:9E
307;1557995077409;27978;486;202;1209;D8:80:39:D8:42:9E
308;1557995077704;27966;261;174;1216;D8:80:39:D8:42:9E
309;1557995077704;27978;487;202;1202;D8:80:39:D8:42:9E
310;1557995078012;27966;260;175;1231;D8:80:39:D8:42:9E
311;1557995078012;27978;485;201;1217;D8:80:39:D8:42:9E
312;1557995078209;27966;259;176;1245;D8:80:39:D8:42:9E
313;1557995078209;27978;484;201;1233;D8:80:39:D8:42:9E
314;1557995078410;27966;259;177;1253;D8:80:39:D8:42:9E
315;1557995078410;27978;484;202;1233;D8:80:39:D8:42:9E
316;1557995078706;27966;259;176;1253;D8:80:39:D8:42:9E
317;1557995078706;27978;483;203;1240;D8:80:39:D8:42:9E
318;1557995079012;27966;259;176;1253;D8:80:39:D8:42:9E
319;1557995079012;27978;483;204;1240;D8:80:39:D8:42:9E
320;1557995079226;27966;259;177;1253;D8:80:39:D8:42:9E
321;1557995079226;27978;483;204;1240;D8:80:39:D8:42:9E
322;1557995079414;27966;258;176;1253;D8:80:39:D8:42:9E
323;1557995079414;27978;483;204;1240;D8:80:39:D8:42:9E
324;1557995079711;27966;258;177;1253;D8:80:39:D8:42:9E
325;1557995079711;27978;482;204;1240;D8:80:39:D8:42:9E
326;1557995079911;27966;259;177;1253;D8:80:39:D8:42:9E
327;1557995079911;27978;481;205;1240;D8:80:39:D8:42:9E
328;1557995080208;27966;260;177;1238;D8:80:39:D8:42:9E
329;1557995080208;27978;481;204;1240;D8:80:39:D8:42:9E
330;1557995080409;27966;262;177;1231;D8:80:39:D8:42:9E
331;1557995080409;27978;482;203;1240;D8:80:39:D8:42:9E
332;1557995080707;27966;262;177;1223;D8:80:39:D8:42:9E
333;1557995080707;27979;481;204;1240;D8:80:39:D8:42:9E
334;1557995080907;27966;263;178;1215;D8:80:39:D8:42:9E
335;1557995080907;27979;482;204;1240;D8:80:39:D8:42:9E
336;1557995081219;27966;264;180;1215;D8:80:39:D8:42:9E
337;1557995081219;27979;482;203;1232;D8:80:39:D8:42:9E
338;1557995081410;27966;265;180;1207;D8:80:39:D8:42:9E
339;1557995081410;27979;483;204;1232;D8:80:39:D8:42:9E
340;1557995081708;27966;265;179;1208;D8:80:39:D8:42:9E
341;1557995081708;27979;483;203;1240;D8:80:39:D8:42:9E
342;1557995081907;27966;265;179;1208;D8:80:39:D8:42:9E
343;1557995081907;27979;483;203;1240;D8:80:39:D8:42:9E
344;1557995082258;27966;264;178;1192;D8:80:39:D8:42:9E
345;1557995082258;27979;483;202;1241;D8:80:39:D8:42:9E
346;1557995082414;27966;265;178;1200;D8:80:39:D8:42:9E
347;1557995082414;27979;483;202;1241;D8:80:39:D8:42:9E
348;1557995082725;27966;265;177;1216;D8:80:39:D8:42:9E
349;1557995082725;27979;484;203;1233;D8:80:39:D8:42:9E
350;1557995082914;27966;265;177;1216;D8:80:39:D8:42:9E
351;1557995082914;27979;484;203;1225;D8:80:39:D8:42:9E
352;1557995083238;27966;264;177;1192;D8:80:39:D8:42:9E
353;1557995083238;27979;483;203;1233;D8:80:39:D8:42:9E
354;1557995083409;27966;264;177;1177;D8:80:39:D8:42:9E
355;1557995083409;27979;484;203;1225;D8:80:39:D8:42:9E
356;1557995083714;27966;265;177;1200;D8:80:39:D8:42:9E
357;1557995083714;27979;485;204;1209;D8:80:39:D8:42:9E
358;1557995084012;27966;265;177;1208;D8:80:39:D8:42:9E
359;1557995084012;27979;485;204;1209;D8:80:39:D8:42:9E
360;1557995084213;27966;265;177;1200;D8:80:39:D8:42:9E
361;1557995084213;27979;485;204;1209;D8:80:39:D8:42:9E
362;1557995084414;27966;265;177;1200;D8:80:39:D8:42:9E
363;1557995084414;27979;484;203;1217;D8:80:39:D8:42:9E
364;1557995084711;27966;264;177;1192;D8:80:39:D8:42:9E
365;1557995084711;27979;484;204;1209;D8:80:39:D8:42:9E
366;1557995084910;27966;265;176;1200;D8:80:39:D8:42:9E
367;1557995084910;27979;484;203;1217;D8:80:39:D8:42:9E
368;1557995085222;27966;265;177;1208;D8:80:39:D8:42:9E
369;1557995085222;27979;483;203;1240;D8:80:39:D8:42:9E
370;1557995085424;27966;264;177;1192;D8:80:39:D8:42:9E
371;1557995085424;27979;484;203;1233;D8:80:39:D8:42:9E
372;1557995085705;27966;265;178;1200;D8:80:39:D8:42:9E
373;1557995085705;27979;484;203;1225;D8:80:39:D8:42:9E
374;1557995085907;27966;265;178;1216;D8:80:39:D8:42:9E
375;1557995085907;27979;484;203;1225;D8:80:39:D8:42:9E
376;1557995086214;27966;265;178;1208;D8:80:39:D8:42:9E
377;1557995086214;27979;483;203;1232;D8:80:39:D8:42:9E
378;1557995086415;27966;265;177;1208;D8:80:39:D8:42:9E
379;1557995086415;27979;483;203;1224;D8:80:39:D8:42:9E
380;1557995086710;27966;265;178;1216;D8:80:39:D8:42:9E
381;1557995086710;27979;485;204;1209;D8:80:39:D8:42:9E
382;1557995086910;27966;265;178;1216;D8:80:39:D8:42:9E
383;1557995086910;27979;485;204;1209;D8:80:39:D8:42:9E
384;1557995087214;27966;266;177;1216;D8:80:39:D8:42:9E
385;1557995087214;27979;483;203;1224;D8:80:39:D8:42:9E
386;1557995087410;27966;267;177;1200;D8:80:39:D8:42:9E
387;1557995087410;27979;483;203;1224;D8:80:39:D8:42:9E
388;1557995087737;27966;266;178;1192;D8:80:39:D8:42:9E
389;1557995087737;27979;484;204;1209;D8:80:39:D8:42:9E
390;1557995087908;27966;266;178;1208;D8:80:39:D8:42:9E
391;1557995087908;27979;484;203;1217;D8:80:39:D8:42:9E
392;1557995088206;27966;264;179;1215;D8:80:39:D8:42:9E
393;1557995088206;27979;484;203;1217;D8:80:39:D8:42:9E
394;1557995088513;27966;263;180;1215;D8:80:39:D8:42:9E
395;1557995088513;27979;485;204;1209;D8:80:39:D8:42:9E
396;1557995088715;27966;262;179;1215;D8:80:39:D8:42:9E
397;1557995088715;27979;483;203;1224;D8:80:39:D8:42:9E
398;1557995088913;27966;261;178;1215;D8:80:39:D8:42:9E
399;1557995088913;27979;484;204;1216;D8:80:39:D8:42:9E
400;1557995089222;27966;261;179;1230;D8:80:39:D8:42:9E
401;1557995089222;27979;485;204;1201;D8:80:39:D8:42:9E
402;1557995089408;27966;258;180;1245;D8:80:39:D8:42:9E
403;1557995089408;27979;485;204;1201;D8:80:39:D8:42:9E
404;1557995089714;27966;253;182;1266;D8:80:39:D8:42:9E
405;1557995089714;27979;486;204;1201;D8:80:39:D8:42:9E
406;1557995090014;27966;250;183;1288;D8:80:39:D8:42:9E
407;1557995090014;27979;485;204;1201;D8:80:39:D8:42:9E
408;1557995090212;27966;251;182;1273;D8:80:39:D8:42:9E
409;1557995090212;27979;485;204;1209;D8:80:39:D8:42:9E
410;1557995090413;27966;253;181;1259;D8:80:39:D8:42:9E
411;1557995090413;27979;485;204;1209;D8:80:39:D8:42:9E
412;1557995090706;27966;255;180;1252;D8:80:39:D8:42:9E
413;1557995090706;27979;486;203;1201;D8:80:39:D8:42:9E
414;1557995090907;27966;255;180;1252;D8:80:39:D8:42:9E
415;1557995090907;27979;487;203;1202;D8:80:39:D8:42:9E
416;1557995091222;27966;256;181;1252;D8:80:39:D8:42:9E
417;1557995091222;27979;486;204;1201;D8:80:39:D8:42:9E
418;1557995091413;27966;256;181;1252;D8:80:39:D8:42:9E
419;1557995091413;27979;486;204;1201;D8:80:39:D8:42:9E
420;1557995091708;27966;255;181;1252;D8:80:39:D8:42:9E
421;1557995091708;27979;485;204;1209;D8:80:39:D8:42:9E
422;1557995091909;27966;255;181;1252;D8:80:39:D8:42:9E
423;1557995091909;27979;485;204;1209;D8:80:39:D8:42:9E
424;1557995092223;27966;256;181;1252;D8:80:39:D8:42:9E
425;1557995092223;27979;485;203;1217;D8:80:39:D8:42:9E
426;1557995092414;27966;256;181;1252;D8:80:39:D8:42:9E
427;1557995092414;27979;484;203;1217;D8:80:39:D8:42:9E
428;1557995092710;27966;255;180;1252;D8:80:39:D8:42:9E
429;1557995092710;27979;484;204;1209;D8:80:39:D8:42:9E
430;1557995092909;27966;254;180;1252;D8:80:39:D8:42:9E
431;1557995092909;27979;484;203;1217;D8:80:39:D8:42:9E
432;1557995093268;27966;254;180;1244;D8:80:39:D8:42:9E
433;1557995093268;27979;484;203;1225;D8:80:39:D8:42:9E
434;1557995093413;27966;254;180;1244;D8:80:39:D8:42:9E
435;1557995093413;27979;484;203;1225;D8:80:39:D8:42:9E
436;1557995093709;27966;254;179;1252;D8:80:39:D8:42:9E
437;1557995093709;27979;483;203;1224;D8:80:39:D8:42:9E
438;1557995093911;27966;254;179;1252;D8:80:39:D8:42:9E
439;1557995093911;27979;483;203;1224;D8:80:39:D8:42:9E
440;1557995094210;27966;254;179;1252;D8:80:39:D8:42:9E
441;1557995094210;27979;485;204;1209;D8:80:39:D8:42:9E
442;1557995094414;27966;254;179;1252;D8:80:39:D8:42:9E
443;1557995094414;27979;485;203;1217;D8:80:39:D8:42:9E
444;1557995094711;27966;255;179;1252;D8:80:39:D8:42:9E
445;1557995094711;27979;484;203;1225;D8:80:39:D8:42:9E
446;1557995094911;27966;258;178;1245;D8:80:39:D8:42:9E
447;1557995094911;27979;484;203;1217;D8:80:39:D8:42:9E
448;1557995095213;27966;264;177;1223;D8:80:39:D8:42:9E
449;1557995095213;27979;483;203;1233;D8:80:39:D8:42:9E
450;1557995095512;27966;268;178;1216;D8:80:39:D8:42:9E
451;1557995095512;27979;484;203;1225;D8:80:39:D8:42:9E
452;1557995095710;27966;268;179;1216;D8:80:39:D8:42:9E
453;1557995095710;27979;484;203;1217;D8:80:39:D8:42:9E
454;1557995095910;27966;267;179;1216;D8:80:39:D8:42:9E
455;1557995095910;27979;484;203;1225;D8:80:39:D8:42:9E
456;1557995096205;27966;264;179;1216;D8:80:39:D8:42:9E
457;1557995096205;27979;483;202;1241;D8:80:39:D8:42:9E
458;1557995096512;27966;263;178;1216;D8:80:39:D8:42:9E
459;1557995096512;27979;483;203;1233;D8:80:39:D8:42:9E
460;1557995096714;27966;263;178;1216;D8:80:39:D8:42:9E
461;1557995096714;27979;484;203;1233;D8:80:39:D8:42:9E
462;1557995097010;27966;263;178;1216;D8:80:39:D8:42:9E
463;1557995097010;27979;484;202;1240;D8:80:39:D8:42:9E
464;1557995097221;27966;264;179;1223;D8:80:39:D8:42:9E
465;1557995097221;27979;483;202;1240;D8:80:39:D8:42:9E
466;1557995097428;27966;264;179;1223;D8:80:39:D8:42:9E
467;1557995097428;27979;484;202;1241;D8:80:39:D8:42:9E
468;1557995097706;27966;263;178;1216;D8:80:39:D8:42:9E
469;1557995097706;27979;484;202;1241;D8:80:39:D8:42:9E
470;1557995097908;27966;263;178;1216;D8:80:39:D8:42:9E
471;1557995097908;27979;484;202;1241;D8:80:39:D8:42:9E
472;1557995098214;27966;263;178;1216;D8:80:39:D8:42:9E
473;1557995098214;27979;484;203;1233;D8:80:39:D8:42:9E
474;1557995098407;27966;264;179;1223;D8:80:39:D8:42:9E
475;1557995098407;27979;484;203;1217;D8:80:39:D8:42:9E
476;1557995098760;27966;264;179;1223;D8:80:39:D8:42:9E
477;1557995098760;27979;485;204;1201;D8:80:39:D8:42:9E
478;1557995098926;27966;263;179;1215;D8:80:39:D8:42:9E
479;1557995098926;27979;484;203;1217;D8:80:39:D8:42:9E
480;1557995099227;27966;264;179;1223;D8:80:39:D8:42:9E
481;1557995099227;27979;483;203;1233;D8:80:39:D8:42:9E
482;1557995099415;27966;264;179;1223;D8:80:39:D8:42:9E
483;1557995099415;27979;484;203;1217;D8:80:39:D8:42:9E
484;1557995099720;27966;263;180;1215;D8:80:39:D8:42:9E
485;1557995099720;27979;485;204;1201;D8:80:39:D8:42:9E
486;1557995099910;27966;264;180;1215;D8:80:39:D8:42:9E
487;1557995099910;27979;485;204;1201;D8:80:39:D8:42:9E
488;1557995100215;27966;264;181;1215;D8:80:39:D8:42:9E
489;1557995100215;27979;486;204;1201;D8:80:39:D8:42:9E
490;1557995100407;27966;265;181;1215;D8:80:39:D8:42:9E
491;1557995100407;27979;485;204;1209;D8:80:39:D8:42:9E
492;1557995100712;27966;265;180;1216;D8:80:39:D8:42:9E
493;1557995100712;27979;485;203;1209;D8:80:39:D8:42:9E
494;1557995100912;27966;265;180;1216;D8:80:39:D8:42:9E
495;1557995100912;27979;485;203;1209;D8:80:39:D8:42:9E
496;1557995101213;27966;265;180;1215;D8:80:39:D8:42:9E
497;1557995101213;27979;485;203;1217;D8:80:39:D8:42:9E
498;1557995101411;27966;265;181;1215;D8:80:39:D8:42:9E
499;1557995101411;27979;485;203;1209;D8:80:39:D8:42:9E
500;1557995101707;27966;265;181;1215;D8:80:39:D8:42:9E
501;1557995101707;27979;486;203;1201;D8:80:39:D8:42:9E
502;1557995101910;27966;265;180;1216;D8:80:39:D8:42:9E
503;1557995101910;27979;485;204;1209;D8:80:39:D8:42:9E
504;1557995102209;27966;265;180;1216;D8:80:39:D8:42:9E
505;1557995102209;27979;485;203;1209;D8:80:39:D8:42:9E
506;1557995102409;27966;265;179;1216;D8:80:39:D8:42:9E
507;1557995102409;27979;486;203;1201;D8:80:39:D8:42:9E
508;1557995102709;27966;265;179;1216;D8:80:39:D8:42:9E
509;1557995102709;27979;485;203;1209;D8:80:39:D8:42:9E
510;1557995102925;27966;265;180;1216;D8:80:39:D8:42:9E
511;1557995102925;27979;485;203;1209;D8:80:39:D8:42:9E
512;1557995103220;27966;265;180;1216;D8:80:39:D8:42:9E
513;1557995103220;27979;486;203;1201;D8:80:39:D8:42:9E
514;1557995103407;27966;265;180;1216;D8:80:39:D8:42:9E
515;1557995103407;27979;486;202;1209;D8:80:39:D8:42:9E
516;1557995103717;27966;265;178;1216;D8:80:39:D8:42:9E
517;1557995103717;27979;485;204;1209;D8:80:39:D8:42:9E
518;1557995103907;27966;265;178;1216;D8:80:39:D8:42:9E
519;1557995103907;27979;486;204;1201;D8:80:39:D8:42:9E
520;1557995104225;27966;265;178;1216;D8:80:39:D8:42:9E
521;1557995104225;27979;485;203;1209;D8:80:39:D8:42:9E
522;1557995104407;27966;264;178;1216;D8:80:39:D8:42:9E
523;1557995104407;27979;485;203;1209;D8:80:39:D8:42:9E
524;1557995104714;27966;264;178;1216;D8:80:39:D8:42:9E
525;1557995104714;27979;486;203;1209;D8:80:39:D8:42:9E
526;1557995104913;27966;264;178;1216;D8:80:39:D8:42:9E
527;1557995104913;27979;486;203;1209;D8:80:39:D8:42:9E
528;1557995105213;27966;264;179;1223;D8:80:39:D8:42:9E
529;1557995105213;27979;486;203;1201;D8:80:39:D8:42:9E
530;1557995105415;27966;264;179;1223;D8:80:39:D8:42:9E
531;1557995105415;27979;486;203;1201;D8:80:39:D8:42:9E
532;1557995105714;27966;264;178;1216;D8:80:39:D8:42:9E
533;1557995105714;27979;485;203;1209;D8:80:39:D8:42:9E
534;1557995106011;27966;265;178;1216;D8:80:39:D8:42:9E
535;1557995106011;27979;485;202;1217;D8:80:39:D8:42:9E
536;1557995106213;27966;265;178;1216;D8:80:39:D8:42:9E
537;1557995106213;27979;484;202;1225;D8:80:39:D8:42:9E
538;1557995106412;27966;265;178;1216;D8:80:39:D8:42:9E
539;1557995106412;27979;484;202;1225;D8:80:39:D8:42:9E
540;1557995106707;27966;265;178;1216;D8:80:39:D8:42:9E
541;1557995106707;27979;485;202;1217;D8:80:39:D8:42:9E
542;1557995106910;27966;265;179;1216;D8:80:39:D8:42:9E
543;1557995106910;27979;485;203;1209;D8:80:39:D8:42:9E
544;1557995107220;27966;265;180;1216;D8:80:39:D8:42:9E
545;1557995107220;27979;485;203;1209;D8:80:39:D8:42:9E
546;1557995107413;27966;265;180;1216;D8:80:39:D8:42:9E
547;1557995107413;27979;485;203;1209;D8:80:39:D8:42:9E
548;1557995107705;27966;265;180;1216;D8:80:39:D8:42:9E
549;1557995107705;27979;485;204;1209;D8:80:39:D8:42:9E
550;1557995108014;27966;265;180;1216;D8:80:39:D8:42:9E
551;1557995108014;27979;486;204;1217;D8:80:39:D8:42:9E
552;1557995108214;27966;265;180;1216;D8:80:39:D8:42:9E
553;1557995108214;27979;486;205;1217;D8:80:39:D8:42:9E
554;1557995108413;27966;265;180;1216;D8:80:39:D8:42:9E
555;1557995108413;27979;486;206;1208;D8:80:39:D8:42:9E
556;1557995108709;27966;265;180;1216;D8:80:39:D8:42:9E
557;1557995108709;27979;487;206;1201;D8:80:39:D8:42:9E
558;1557995108908;27966;265;179;1216;D8:80:39:D8:42:9E
559;1557995108908;27979;487;205;1201;D8:80:39:D8:42:9E
560;1557995109219;27966;265;178;1216;D8:80:39:D8:42:9E
561;1557995109219;27979;487;205;1201;D8:80:39:D8:42:9E
562;1557995109413;27966;265;178;1216;D8:80:39:D8:42:9E
563;1557995109413;27979;488;204;1202;D8:80:39:D8:42:9E
564;1557995109710;27966;265;178;1216;D8:80:39:D8:42:9E
565;1557995109910;27966;265;178;1216;D8:80:39:D8:42:9E
566;1557995110213;27966;264;178;1216;D8:80:39:D8:42:9E
567;1557995110411;27966;264;178;1216;D8:80:39:D8:42:9E
568;1557995110705;27966;265;178;1216;D8:80:39:D8:42:9E
569;1557995110908;27966;265;178;1216;D8:80:39:D8:42:9E
570;1557995111220;27966;265;178;1216;D8:80:39:D8:42:9E
571;1557995111437;27966;265;178;1216;D8:80:39:D8:42:9E
572;1557995111717;27966;265;178;1216;D8:80:39:D8:42:9E
573;1557995111909;27966;265;178;1216;D8:80:39:D8:42:9E
574;1557995112218;27966;265;178;1216;D8:80:39:D8:42:9E
575;1557995112416;27966;264;178;1216;D8:80:39:D8:42:9E
576;1557995112721;27966;265;178;1216;D8:80:39:D8:42:9E
577;1557995112912;27966;265;178;1216;D8:80:39:D8:42:9E
578;1557995113213;27966;265;178;1216;D8:80:39:D8:42:9E
579;1557995113408;27966;265;178;1216;D8:80:39:D8:42:9E
580;1557995113711;27966;265;178;1216;D8:80:39:D8:42:9E
581;1557995113910;27966;265;178;1216;D8:80:39:D8:42:9E
582;1557995114209;27966;265;178;1216;D8:80:39:D8:42:9E
583;1557995114408;27966;265;178;1216;D8:80:39:D8:42:9E
584;1557995114715;27966;265;178;1216;D8:80:39:D8:42:9E
585;1557995114940;27966;265;179;1216;D8:80:39:D8:42:9E
586;1557995115218;27966;265;179;1216;D8:80:39:D8:42:9E
587;1557995115410;27966;265;178;1216;D8:80:39:D8:42:9E
588;1557995115705;27966;265;178;1216;D8:80:39:D8:42:9E
589;1557995116013;27966;265;178;1216;D8:80:39:D8:42:9E
590;1557995116212;27966;265;178;1216;D8:80:39:D8:42:9E
591;1557995116413;27966;265;178;1216;D8:80:39:D8:42:9E
592;1557995116709;27966;265;178;1216;D8:80:39:D8:42:9E
593;1557995116908;27966;265;178;1216;D8:80:39:D8:42:9E
594;1557995117230;27966;265;178;1216;D8:80:39:D8:42:9E
595;1557995117429;27966;265;178;1216;D8:80:39:D8:42:9E
596;1557995117714;27966;265;179;1208;D8:80:39:D8:42:9E
597;1557995118010;27966;266;180;1208;D8:80:39:D8:42:9E
598;1557995118212;27966;266;180;1216;D8:80:39:D8:42:9E
599;1557995118511;27966;265;180;1216;D8:80:39:D8:42:9E
600;1557995118715;27966;265;180;1216;D8:80:39:D8:42:9E
601;1557995119013;27966;266;180;1216;D8:80:39:D8:42:9E
602;1557995119223;27966;268;180;1208;D8:80:39:D8:42:9E
603;1557995119415;27966;269;180;1192;D8:80:39:D8:42:9E
604;1557995119711;27966;271;180;1177;D8:80:39:D8:42:9E
605;1557995119914;27966;273;180;1185;D8:80:39:D8:42:9E
606;1557995120247;27966;277;180;1259;D8:80:39:D8:42:9E
607;1557995120409;27966;277;182;1403;D8:80:39:D8:42:9E
608;1557995120706;27966;276;183;1690;D8:80:39:D8:42:9E
609;1557995120907;27966;274;182;1804;D8:80:39:D8:42:9E
610;1557995121218;27966;269;179;1843;D8:80:39:D8:42:9E
611;1557995121415;27966;266;179;1843;D8:80:39:D8:42:9E
612;1557995121710;27966;262;180;1852;D8:80:39:D8:42:9E
613;1557995121912;27966;261;180;1851;D8:80:39:D8:42:9E
614;1557995122210;27966;261;181;1831;D8:80:39:D8:42:9E
615;1557995122408;27966;262;181;1814;D8:80:39:D8:42:9E
616;1557995122715;27966;264;182;1772;D8:80:39:D8:42:9E
617;1557995123010;27966;269;184;1707;D8:80:39:D8:42:9E
618;1557995123213;27966;270;184;1679;D8:80:39:D8:42:9E
619;1557995123421;27966;270;183;1675;D8:80:39:D8:42:9E
620;1557995123710;27966;271;182;1676;D8:80:39:D8:42:9E
621;1557995123910;27966;271;182;1680;D8:80:39:D8:42:9E
622;1557995124219;27966;270;182;1704;D8:80:39:D8:42:9E
623;1557995124411;27966;269;182;1728;D8:80:39:D8:42:9E
624;1557995124726;27966;267;182;1758;D8:80:39:D8:42:9E
625;1557995124907;27966;266;182;1776;D8:80:39:D8:42:9E
626;1557995125224;27966;265;182;1794;D8:80:39:D8:42:9E
627;1557995125415;27966;264;182;1794;D8:80:39:D8:42:9E
628;1557995125708;27966;264;182;1787;D8:80:39:D8:42:9E
629;1557995125910;27966;265;182;1787;D8:80:39:D8:42:9E
630;1557995126214;27966;265;182;1783;D8:80:39:D8:42:9E
631;1557995126408;27966;265;182;1780;D8:80:39:D8:42:9E
632;1557995126716;27966;264;182;1780;D8:80:39:D8:42:9E
633;1557995126916;27966;264;182;1776;D8:80:39:D8:42:9E
634;1557995127224;27966;264;182;1773;D8:80:39:D8:42:9E
635;1557995127412;27966;264;183;1773;D8:80:39:D8:42:9E
636;1557995127706;27966;264;183;1773;D8:80:39:D8:42:9E
637;1557995127908;27966;264;182;1773;D8:80:39:D8:42:9E
638;1557995128227;27966;264;182;1773;D8:80:39:D8:42:9E
639;1557995128511;27966;264;182;1773;D8:80:39:D8:42:9E
640;1557995128715;27966;264;182;1773;D8:80:39:D8:42:9E
641;1557995129011;27966;264;182;1773;D8:80:39:D8:42:9E
642;1557995129220;27966;264;182;1773;D8:80:39:D8:42:9E
643;1557995129411;27966;264;182;1773;D8:80:39:D8:42:9E
644;1557995129718;27966;264;182;1769;D8:80:39:D8:42:9E
645;1557995129909;27966;265;182;1769;D8:80:39:D8:42:9E
646;1557995130212;27966;265;181;1773;D8:80:39:D8:42:9E
647;1557995130409;27966;265;181;1769;D8:80:39:D8:42:9E
648;1557995130715;27966;265;181;1758;D8:80:39:D8:42:9E
649;1557995130915;27966;265;181;1755;D8:80:39:D8:42:9E
650;1557995131219;27966;267;182;1714;D8:80:39:D8:42:9E
651;1557995131411;27966;264;183;1635;D8:80:39:D8:42:9E
652;1557995131706;27966;252;191;1524;D8:80:39:D8:42:9E
653;1557995131907;27966;249;196;1491;D8:80:39:D8:42:9E
654;1557995132218;27966;249;197;1474;D8:80:39:D8:42:9E
655;1557995132413;27966;249;197;1474;D8:80:39:D8:42:9E
656;1557995132711;27966;248;196;1474;D8:80:39:D8:42:9E
657;1557995132912;27966;248;196;1474;D8:80:39:D8:42:9E
658;1557995133215;27966;248;197;1474;D8:80:39:D8:42:9E
659;1557995133412;27966;249;197;1474;D8:80:39:D8:42:9E
660;1557995133712;27966;249;198;1474;D8:80:39:D8:42:9E
661;1557995133920;27966;257;192;1492;D8:80:39:D8:42:9E
662;1557995134212;27966;271;183;1636;D8:80:39:D8:42:9E
663;1557995134413;27966;270;182;1762;D8:80:39:D8:42:9E
664;1557995134707;27966;266;183;1842;D8:80:39:D8:42:9E
665;1557995134909;27966;267;186;1841;D8:80:39:D8:42:9E
666;1557995135226;27966;273;195;1776;D8:80:39:D8:42:9E
667;1557995135435;27966;278;199;1708;D8:80:39:D8:42:9E
668;1557995135710;27966;281;201;1664;D8:80:39:D8:42:9E
669;1557995136010;27966;278;199;1721;D8:80:39:D8:42:9E
670;1557995136253;27966;274;195;1784;D8:80:39:D8:42:9E
671;1557995136413;27966;267;191;1836;D8:80:39:D8:42:9E
672;1557995136710;27966;258;186;1878;D8:80:39:D8:42:9E
673;1557995136911;27966;255;184;1887;D8:80:39:D8:42:9E
674;1557995137221;27966;254;182;1888;D8:80:39:D8:42:9E
675;1557995137408;27966;256;181;1891;D8:80:39:D8:42:9E
676;1557995137714;27966;259;182;1888;D8:80:39:D8:42:9E
677;1557995137907;27966;260;182;1879;D8:80:39:D8:42:9E
678;1557995138211;27966;261;180;1857;D8:80:39:D8:42:9E
679;1557995138408;27966;262;180;1838;D8:80:39:D8:42:9E
680;1557995138717;27966;264;180;1797;D8:80:39:D8:42:9E
681;1557995138918;27966;267;180;1715;D8:80:39:D8:42:9E
682;1557995139220;27966;271;179;1547;D8:80:39:D8:42:9E
683;1557995139411;27966;272;178;1486;D8:80:39:D8:42:9E
684;1557995139707;27966;273;178;1457;D8:80:39:D8:42:9E
685;1557995139917;27966;266;178;1439;D8:80:39:D8:42:9E
686;1557995140208;27966;255;176;1421;D8:80:39:D8:42:9E
687;1557995140408;27966;255;176;1421;D8:80:39:D8:42:9E
688;1557995140712;27966;260;178;1427;D8:80:39:D8:42:9E
689;1557995140913;27966;268;179;1439;D8:80:39:D8:42:9E
690;1557995141226;27966;274;179;1452;D8:80:39:D8:42:9E
691;1557995141421;27966;274;179;1452;D8:80:39:D8:42:9E
692;1557995141713;27966;274;179;1452;D8:80:39:D8:42:9E
693;1557995141909;27966;274;179;1452;D8:80:39:D8:42:9E
694;1557995142208;27966;271;179;1445;D8:80:39:D8:42:9E
695;1557995142513;27966;274;179;1452;D8:80:39:D8:42:9E
696;1557995142707;27966;268;178;1439;D8:80:39:D8:42:9E
697;1557995142937;27966;260;177;1427;D8:80:39:D8:42:9E
698;1557995143213;27966;256;177;1414;D8:80:39:D8:42:9E
699;1557995143415;27966;256;178;1414;D8:80:39:D8:42:9E
700;1557995143720;27966;256;177;1420;D8:80:39:D8:42:9E
701;1557995143914;27966;256;177;1420;D8:80:39:D8:42:9E
702;1557995144210;27966;256;178;1420;D8:80:39:D8:42:9E
703;1557995144512;27966;256;177;1414;D8:80:39:D8:42:9E
704;1557995144709;27966;258;178;1389;D8:80:39:D8:42:9E
705;1557995144907;27966;259;180;1344;D8:80:39:D8:42:9E
706;1557995145212;27966;261;182;1296;D8:80:39:D8:42:9E
707;1557995145412;27966;261;182;1310;D8:80:39:D8:42:9E
708;1557995145711;27966;260;181;1364;D8:80:39:D8:42:9E
709;1557995145916;27966;266;179;1414;D8:80:39:D8:42:9E
710;1557995146212;27966;274;179;1475;D8:80:39:D8:42:9E
711;1557995146412;27966;273;180;1481;D8:80:39:D8:42:9E
712;1557995146733;27966;272;180;1475;D8:80:39:D8:42:9E
713;1557995146916;27966;272;179;1463;D8:80:39:D8:42:9E
714;1557995147224;27966;272;179;1452;D8:80:39:D8:42:9E
715;1557995147410;27966;272;179;1452;D8:80:39:D8:42:9E
716;1557995147712;27966;272;179;1452;D8:80:39:D8:42:9E
717;1557995147907;27966;272;179;1452;D8:80:39:D8:42:9E
718;1557995148214;27966;272;179;1452;D8:80:39:D8:42:9E
719;1557995148413;27966;269;179;1445;D8:80:39:D8:42:9E
720;1557995148710;27966;270;179;1445;D8:80:39:D8:42:9E
721;1557995148917;27966;270;179;1445;D8:80:39:D8:42:9E
722;1557995149217;27966;265;178;1428;D8:80:39:D8:42:9E
723;1557995149418;27966;262;177;1422;D8:80:39:D8:42:9E
724;1557995149715;27966;264;178;1433;D8:80:39:D8:42:9E
725;1557995149912;27966;270;179;1445;D8:80:39:D8:42:9E
726;1557995150213;27966;272;179;1446;D8:80:39:D8:42:9E
727;1557995150414;27966;271;179;1446;D8:80:39:D8:42:9E
728;1557995150711;27966;272;179;1452;D8:80:39:D8:42:9E
729;1557995150907;27966;273;179;1452;D8:80:39:D8:42:9E
730;1557995151225;27966;265;179;1433;D8:80:39:D8:42:9E
731;1557995151415;27966;261;178;1421;D8:80:39:D8:42:9E
732;1557995151716;27966;260;178;1421;D8:80:39:D8:42:9E
733;1557995151912;27966;258;177;1421;D8:80:39:D8:42:9E
734;1557995152217;27966;262;178;1421;D8:80:39:D8:42:9E
735;1557995152408;27966;262;178;1421;D8:80:39:D8:42:9E
736;1557995152707;27966;264;178;1422;D8:80:39:D8:42:9E
737;1557995153011;27966;268;178;1428;D8:80:39:D8:42:9E
738;1557995153230;27966;268;178;1428;D8:80:39:D8:42:9E
739;1557995153415;27966;267;178;1422;D8:80:39:D8:42:9E
740;1557995153719;27966;263;178;1421;D8:80:39:D8:42:9E
741;1557995153913;27966;261;178;1421;D8:80:39:D8:42:9E
742;1557995154228;27966;262;178;1421;D8:80:39:D8:42:9E
743;1557995154409;27966;264;178;1422;D8:80:39:D8:42:9E
744;1557995154713;27966;260;178;1421;D8:80:39:D8:42:9E
745;1557995154907;27966;258;178;1421;D8:80:39:D8:42:9E
746;1557995155221;27966;260;178;1421;D8:80:39:D8:42:9E
747;1557995155512;27966;260;178;1421;D8:80:39:D8:42:9E
748;1557995155716;27966;262;178;1421;D8:80:39:D8:42:9E
749;1557995155907;27966;260;177;1421;D8:80:39:D8:42:9E
750;1557995156217;27966;257;177;1421;D8:80:39:D8:42:9E
751;1557995156408;27966;260;178;1421;D8:80:39:D8:42:9E
752;1557995156713;27966;263;179;1421;D8:80:39:D8:42:9E
753;1557995156916;27966;261;179;1421;D8:80:39:D8:42:9E
754;1557995157218;27966;260;179;1421;D8:80:39:D8:42:9E
755;1557995157428;27966;259;179;1421;D8:80:39:D8:42:9E
756;1557995157712;27966;256;178;1421;D8:80:39:D8:42:9E
757;1557995157909;27966;256;178;1421;D8:80:39:D8:42:9E
758;1557995158242;27966;256;177;1421;D8:80:39:D8:42:9E
759;1557995158415;27966;257;177;1421;D8:80:39:D8:42:9E
760;1557995158720;27966;257;177;1421;D8:80:39:D8:42:9E
761;1557995159010;27966;256;177;1421;D8:80:39:D8:42:9E
762;1557995159218;27966;256;178;1421;D8:80:39:D8:42:9E
763;1557995159409;27966;256;178;1421;D8:80:39:D8:42:9E
764;1557995159707;27966;257;178;1420;D8:80:39:D8:42:9E
765;1557995159910;27966;256;179;1420;D8:80:39:D8:42:9E
766;1557995160212;27966;256;178;1421;D8:80:39:D8:42:9E
767;1557995160411;27966;256;177;1421;D8:80:39:D8:42:9E
768;1557995160711;27966;256;178;1421;D8:80:39:D8:42:9E
769;1557995160914;27966;256;178;1421;D8:80:39:D8:42:9E
770;1557995161223;27966;257;178;1421;D8:80:39:D8:42:9E
771;1557995161415;27966;256;177;1421;D8:80:39:D8:42:9E
772;1557995161711;27966;255;177;1421;D8:80:39:D8:42:9E
773;1557995161912;27966;255;177;1421;D8:80:39:D8:42:9E
774;1557995162216;27966;262;178;1439;D8:80:39:D8:42:9E
775;1557995162416;27966;267;177;1509;D8:80:39:D8:42:9E
776;1557995162731;27966;266;174;1688;D8:80:39:D8:42:9E
777;1557995162907;27966;262;172;1783;D8:80:39:D8:42:9E
778;1557995163221;27966;262;168;1841;D8:80:39:D8:42:9E
779;1557995163409;27966;265;166;1848;D8:80:39:D8:42:9E
780;1557995163714;27966;274;163;1869;D8:80:39:D8:42:9E
781;1557995163908;27966;279;162;1879;D8:80:39:D8:42:9E
782;1557995164217;27966;287;159;1869;D8:80:39:D8:42:9E
783;1557995164410;27966;294;154;1861;D8:80:39:D8:42:9E
784;1557995164707;27966;305;150;1867;D8:80:39:D8:42:9E
785;1557995164910;27966;313;150;1868;D8:80:39:D8:42:9E
786;1557995165216;27966;325;154;1871;D8:80:39:D8:42:9E
787;1557995165415;27966;333;158;1887;D8:80:39:D8:42:9E
788;1557995165707;27966;343;166;1890;D8:80:39:D8:42:9E
789;1557995165910;27966;350;172;1890;D8:80:39:D8:42:9E
790;1557995166217;27966;357;183;1898;D8:80:39:D8:42:9E
791;1557995166416;27966;357;191;1896;D8:80:39:D8:42:9E
792;1557995166719;27966;355;204;1902;D8:80:39:D8:42:9E
793;1557995166908;27966;354;212;1903;D8:80:39:D8:42:9E
794;1557995167222;27966;349;224;1897;D8:80:39:D8:42:9E
795;1557995167416;27966;345;232;1892;D8:80:39:D8:42:9E
796;1557995167716;27966;333;240;1871;D8:80:39:D8:42:9E
797;1557995167908;27966;324;245;1869;D8:80:39:D8:42:9E
798;1557995168211;27966;311;251;1882;D8:80:39:D8:42:9E
799;1557995168440;27966;301;254;1873;D8:80:39:D8:42:9E
800;1557995168722;27966;286;256;1867;D8:80:39:D8:42:9E
801;1557995169011;27966;271;252;1848;D8:80:39:D8:42:9E
802;1557995169218;27966;262;247;1853;D8:80:39:D8:42:9E
803;1557995169410;27966;255;241;1866;D8:80:39:D8:42:9E
804;1557995169711;27966;245;230;1855;D8:80:39:D8:42:9E
805;1557995169911;27966;240;221;1856;D8:80:39:D8:42:9E
806;1557995170208;27966;238;207;1855;D8:80:39:D8:42:9E
807;1557995170411;27966;239;197;1851;D8:80:39:D8:42:9E
808;1557995170712;27966;244;182;1867;D8:80:39:D8:42:9E
809;1557995170915;27966;247;173;1863;D8:80:39:D8:42:9E
810;1557995171216;27966;252;159;1857;D8:80:39:D8:42:9E
811;1557995171412;27966;258;152;1862;D8:80:39:D8:42:9E
812;1557995171716;27966;269;147;1852;D8:80:39:D8:42:9E
813;1557995171915;27966;279;145;1851;D8:80:39:D8:42:9E
814;1557995172208;27966;294;144;1856;D8:80:39:D8:42:9E
815;1557995172410;27966;304;144;1851;D8:80:39:D8:42:9E
816;1557995172715;27966;319;145;1863;D8:80:39:D8:42:9E
817;1557995172917;27966;328;149;1867;D8:80:39:D8:42:9E
818;1557995173222;27966;340;160;1878;D8:80:39:D8:42:9E
819;1557995173448;27966;346;168;1893;D8:80:39:D8:42:9E
820;1557995173719;27966;356;181;1892;D8:80:39:D8:42:9E
821;1557995173911;27966;361;190;1894;D8:80:39:D8:42:9E
822;1557995174208;27966;362;206;1888;D8:80:39:D8:42:9E
823;1557995174417;27966;359;217;1885;D8:80:39:D8:42:9E
824;1557995174708;27966;355;233;1891;D8:80:39:D8:42:9E
825;1557995174916;27966;352;244;1885;D8:80:39:D8:42:9E
826;1557995175216;27966;343;255;1878;D8:80:39:D8:42:9E
827;1557995175411;27966;334;258;1857;D8:80:39:D8:42:9E
828;1557995175711;27966;319;262;1799;D8:80:39:D8:42:9E
829;1557995175918;27966;309;264;1763;D8:80:39:D8:42:9E
830;1557995176713;27984;264;258;1832;D8:80:39:D8:42:9E
831;1557995176909;27984;258;252;1864;D8:80:39:D8:42:9E
832;1557995177213;27984;249;241;1881;D8:80:39:D8:42:9E
833;1557995177411;27984;245;233;1876;D8:80:39:D8:42:9E
834;1557995177711;27984;240;219;1875;D8:80:39:D8:42:9E
835;1557995177914;27984;241;210;1873;D8:80:39:D8:42:9E
836;1557995178214;27984;248;198;1845;D8:80:39:D8:42:9E
837;1557995178411;27984;255;191;1788;D8:80:39:D8:42:9E
838;1557995178720;27984;264;184;1613;D8:80:39:D8:42:9E
839;1557995178952;27984;265;182;1486;D8:80:39:D8:42:9E
840;1557995179221;27984;260;179;1383;D8:80:39:D8:42:9E
841;1557995179416;27984;257;178;1377;D8:80:39:D8:42:9E
842;1557995179714;27984;256;178;1390;D8:80:39:D8:42:9E
843;1557995179916;27984;256;178;1390;D8:80:39:D8:42:9E
844;1557995180232;27984;264;181;1446;D8:80:39:D8:42:9E
845;1557995180511;27984;269;181;1661;D8:80:39:D8:42:9E
846;1557995180710;27984;265;178;1785;D8:80:39:D8:42:9E
847;1557995180919;27984;261;173;1849;D8:80:39:D8:42:9E
848;1557995181213;27984;261;165;1873;D8:80:39:D8:42:9E
849;1557995181408;27984;263;163;1867;D8:80:39:D8:42:9E
850;1557995181706;27984;265;164;1877;D8:80:39:D8:42:9E
851;1557995181912;27984;266;164;1889;D8:80:39:D8:42:9E
852;1557995182207;27984;269;161;1887;D8:80:39:D8:42:9E
853;1557995182410;27984;273;157;1879;D8:80:39:D8:42:9E
854;1557995182713;27984;281;149;1885;D8:80:39:D8:42:9E
855;1557995183011;27984;290;145;1897;D8:80:39:D8:42:9E
856;1557995183223;27984;297;144;1885;D8:80:39:D8:42:9E
857;1557995183411;27984;307;146;1883;D8:80:39:D8:42:9E
858;1557995183662;27984;317;148;1899;D8:80:39:D8:42:9E
859;1557995183925;27984;330;150;1906;D8:80:39:D8:42:9E
860;1557995184213;27984;345;150;1906;D8:80:39:D8:42:9E
861;1557995184415;27984;352;151;1915;D8:80:39:D8:42:9E
862;1557995184717;27984;361;156;1918;D8:80:39:D8:42:9E
863;1557995184910;27984;366;163;1917;D8:80:39:D8:42:9E
864;1557995185217;27984;372;175;1916;D8:80:39:D8:42:9E
865;1557995185410;27984;376;184;1906;D8:80:39:D8:42:9E
866;1557995185712;27984;383;197;1899;D8:80:39:D8:42:9E
867;1557995185912;27984;385;205;1897;D8:80:39:D8:42:9E
868;1557995186214;27984;383;216;1888;D8:80:39:D8:42:9E
869;1557995186419;27984;381;223;1890;D8:80:39:D8:42:9E
870;1557995186715;27984;377;230;1900;D8:80:39:D8:42:9E
871;1557995186915;27984;375;234;1899;D8:80:39:D8:42:9E
872;1557995187228;27984;371;236;1893;D8:80:39:D8:42:9E
873;1557995187417;27984;369;234;1890;D8:80:39:D8:42:9E
874;1557995187715;27984;367;226;1894;D8:80:39:D8:42:9E
875;1557995187912;27984;365;219;1903;D8:80:39:D8:42:9E
876;1557995188249;27984;363;211;1910;D8:80:39:D8:42:9E
877;1557995188409;27984;360;205;1908;D8:80:39:D8:42:9E
878;1557995188716;27984;358;196;1907;D8:80:39:D8:42:9E
879;1557995188917;27984;359;191;1905;D8:80:39:D8:42:9E
880;1557995189212;27984;364;182;1899;D8:80:39:D8:42:9E
881;1557995189445;27984;369;173;1902;D8:80:39:D8:42:9E
882;1557995189711;27984;380;166;1898;D8:80:39:D8:42:9E
883;1557995189926;27984;386;166;1886;D8:80:39:D8:42:9E
884;1557995190216;27984;394;169;1884;D8:80:39:D8:42:9E
885;1557995190411;27984;399;171;1884;D8:80:39:D8:42:9E
886;1557995190717;27984;393;180;1881;D8:80:39:D8:42:9E
887;1557995190909;27984;387;187;1892;D8:80:39:D8:42:9E
888;1557995191213;27984;388;197;1902;D8:80:39:D8:42:9E
889;1557995191420;27984;390;205;1901;D8:80:39:D8:42:9E
890;1557995191710;27984;391;217;1910;D8:80:39:D8:42:9E
891;1557995191909;27984;389;224;1917;D8:80:39:D8:42:9E
892;1557995192212;27984;384;233;1912;D8:80:39:D8:42:9E
893;1557995192412;27984;379;237;1916;D8:80:39:D8:42:9E
894;1557995192712;27984;367;244;1941;D8:80:39:D8:42:9E
895;1557995192919;27984;358;246;1945;D8:80:39:D8:42:9E
896;1557995193215;27984;353;240;1923;D8:80:39:D8:42:9E
897;1557995193413;27984;355;237;1907;D8:80:39:D8:42:9E
898;1557995193717;27984;360;230;1906;D8:80:39:D8:42:9E
899;1557995193919;27984;360;222;1917;D8:80:39:D8:42:9E
900;1557995194215;27984;358;204;1926;D8:80:39:D8:42:9E
901;1557995194413;27984;359;195;1927;D8:80:39:D8:42:9E
902;1557995194724;27984;362;187;1927;D8:80:39:D8:42:9E
903;1557995194913;27984;364;181;1922;D8:80:39:D8:42:9E
904;1557995195228;27984;368;173;1924;D8:80:39:D8:42:9E
905;1557995195407;27984;366;167;1931;D8:80:39:D8:42:9E
906;1557995195707;27984;356;161;1925;D8:80:39:D8:42:9E
907;1557995195915;27984;348;159;1919;D8:80:39:D8:42:9E
908;1557995196214;27984;336;158;1914;D8:80:39:D8:42:9E
909;1557995196407;27984;327;156;1911;D8:80:39:D8:42:9E
910;1557995196709;27984;314;152;1929;D8:80:39:D8:42:9E
911;1557995196919;27984;307;150;1946;D8:80:39:D8:42:9E
912;1557995197217;27984;296;150;1934;D8:80:39:D8:42:9E
913;1557995197447;27984;288;151;1924;D8:80:39:D8:42:9E
914;1557995197728;27984;276;155;1919;D8:80:39:D8:42:9E
915;1557995197913;27984;269;157;1911;D8:80:39:D8:42:9E
916;1557995198215;27984;260;162;1926;D8:80:39:D8:42:9E
917;1557995198414;27984;257;169;1933;D8:80:39:D8:42:9E
918;1557995198717;27984;254;181;1933;D8:80:39:D8:42:9E
919;1557995198918;27984;251;190;1939;D8:80:39:D8:42:9E
920;1557995199213;27984;246;201;1934;D8:80:39:D8:42:9E
921;1557995199418;27984;247;210;1932;D8:80:39:D8:42:9E
922;1557995199715;27984;249;223;1932;D8:80:39:D8:42:9E
923;1557995199923;27984;253;230;1923;D8:80:39:D8:42:9E
924;1557995200211;27984;258;240;1927;D8:80:39:D8:42:9E
925;1557995200411;27984;264;246;1935;D8:80:39:D8:42:9E
926;1557995200715;27984;276;252;1925;D8:80:39:D8:42:9E
927;1557995200910;27984;281;254;1914;D8:80:39:D8:42:9E
928;1557995201219;27984;291;256;1898;D8:80:39:D8:42:9E
929;1557995201414;27984;298;256;1893;D8:80:39:D8:42:9E
930;1557995201714;27984;310;256;1900;D8:80:39:D8:42:9E
931;1557995201917;27984;318;255;1907;D8:80:39:D8:42:9E
932;1557995202208;27984;329;255;1920;D8:80:39:D8:42:9E
933;1557995202408;27984;335;253;1932;D8:80:39:D8:42:9E
934;1557995202708;27984;343;247;1935;D8:80:39:D8:42:9E
935;1557995202909;27984;347;242;1931;D8:80:39:D8:42:9E
936;1557995203211;27984;354;233;1936;D8:80:39:D8:42:9E
937;1557995203410;27984;358;224;1938;D8:80:39:D8:42:9E
938;1557995203714;27984;360;211;1939;D8:80:39:D8:42:9E
939;1557995203916;27984;361;203;1938;D8:80:39:D8:42:9E
940;1557995204207;27984;361;193;1923;D8:80:39:D8:42:9E
941;1557995204409;27984;359;185;1918;D8:80:39:D8:42:9E
942;1557995204715;27984;352;173;1925;D8:80:39:D8:42:9E
943;1557995204924;27984;349;167;1923;D8:80:39:D8:42:9E
944;1557995205213;27984;342;157;1933;D8:80:39:D8:42:9E
945;1557995205448;27984;335;153;1939;D8:80:39:D8:42:9E
946;1557995205713;27984;322;151;1926;D8:80:39:D8:42:9E
947;1557995205918;27984;314;151;1933;D8:80:39:D8:42:9E
948;1557995206217;27984;301;150;1945;D8:80:39:D8:42:9E
949;1557995206415;27984;292;150;1939;D8:80:39:D8:42:9E
950;1557995206713;27984;281;152;1942;D8:80:39:D8:42:9E
951;1557995206910;27984;274;155;1941;D8:80:39:D8:42:9E
952;1557995207213;27984;266;163;1933;D8:80:39:D8:42:9E
953;1557995207409;27984;261;170;1936;D8:80:39:D8:42:9E
954;1557995207713;27984;254;180;1933;D8:80:39:D8:42:9E
955;1557995207927;27984;249;187;1931;D8:80:39:D8:42:9E
956;1557995208213;27984;246;198;1936;D8:80:39:D8:42:9E
957;1557995208409;27984;247;206;1932;D8:80:39:D8:42:9E
958;1557995208722;27984;249;218;1931;D8:80:39:D8:42:9E
959;1557995208915;27984;252;227;1934;D8:80:39:D8:42:9E
960;1557995209225;27984;257;239;1932;D8:80:39:D8:42:9E
961;1557995209412;27984;261;246;1932;D8:80:39:D8:42:9E
962;1557995209710;27984;267;254;1914;D8:80:39:D8:42:9E
963;1557995209912;27984;274;256;1898;D8:80:39:D8:42:9E
964;1557995210206;27984;290;256;1889;D8:80:39:D8:42:9E
965;1557995210427;27984;299;256;1887;D8:80:39:D8:42:9E
966;1557995210721;27984;310;257;1880;D8:80:39:D8:42:9E
967;1557995210915;27984;317;257;1881;D8:80:39:D8:42:9E
968;1557995211215;27984;327;255;1908;D8:80:39:D8:42:9E
969;1557995211444;27984;331;253;1924;D8:80:39:D8:42:9E
970;1557995211715;27984;336;244;1937;D8:80:39:D8:42:9E
971;1557995211913;27984;340;237;1939;D8:80:39:D8:42:9E
972;1557995212210;27984;345;227;1939;D8:80:39:D8:42:9E
973;1557995212414;27984;348;221;1946;D8:80:39:D8:42:9E
974;1557995212707;27984;352;212;1943;D8:80:39:D8:42:9E
975;1557995212920;27984;351;204;1942;D8:80:39:D8:42:9E
976;1557995213213;27984;347;193;1954;D8:80:39:D8:42:9E
977;1557995213410;27984;345;185;1953;D8:80:39:D8:42:9E
978;1557995213715;27984;341;174;1949;D8:80:39:D8:42:9E
979;1557995213921;27984;338;168;1950;D8:80:39:D8:42:9E
980;1557995214212;27984;331;159;1937;D8:80:39:D8:42:9E
981;1557995214415;27984;323;156;1934;D8:80:39:D8:42:9E
982;1557995214710;27984;310;153;1943;D8:80:39:D8:42:9E
983;1557995214909;27984;303;151;1943;D8:80:39:D8:42:9E
984;1557995215216;27984;291;150;1941;D8:80:39:D8:42:9E
985;1557995215409;27984;283;149;1941;D8:80:39:D8:42:9E
986;1557995215715;27984;274;154;1925;D8:80:39:D8:42:9E
987;1557995215918;27984;270;162;1925;D8:80:39:D8:42:9E
988;1557995216212;27984;263;169;1937;D8:80:39:D8:42:9E
989;1557995216418;27984;258;173;1940;D8:80:39:D8:42:9E
990;1557995216710;27984;254;184;1951;D8:80:39:D8:42:9E
991;1557995216919;27984;252;193;1952;D8:80:39:D8:42:9E
992;1557995217215;27984;250;201;1934;D8:80:39:D8:42:9E
993;1557995217408;27984;249;205;1925;D8:80:39:D8:42:9E
994;1557995217719;27984;250;213;1918;D8:80:39:D8:42:9E
995;1557995217909;27984;252;219;1911;D8:80:39:D8:42:9E
996;1557995218211;27984;254;224;1908;D8:80:39:D8:42:9E
997;1557995218415;27984;254;224;1908;D8:80:39:D8:42:9E
998;1557995218717;27984;253;219;1900;D8:80:39:D8:42:9E
999;1557995218916;27984;254;213;1892;D8:80:39:D8:42:9E
1000;1557995219210;27984;257;204;1886;D8:80:39:D8:42:9E
1001;1557995219417;27984;261;198;1852;D8:80:39:D8:42:9E
1002;1557995219712;27984;269;190;1675;D8:80:39:D8:42:9E
1003;1557995219911;27984;272;187;1527;D8:80:39:D8:42:9E
1004;1557995220215;27984;264;185;1407;D8:80:39:D8:42:9E
1005;1557995220417;27984;260;185;1388;D8:80:39:D8:42:9E
1006;1557995220712;27984;259;185;1388;D8:80:39:D8:42:9E
1007;1557995220944;27984;259;185;1388;D8:80:39:D8:42:9E
1008;1557995221210;27984;259;185;1388;D8:80:39:D8:42:9E
1009;1557995221446;27984;259;186;1388;D8:80:39:D8:42:9E
1010;1557995221713;27984;258;186;1388;D8:80:39:D8:42:9E
1011;1557995221914;27984;258;186;1388;D8:80:39:D8:42:9E
1012;1557995222209;27984;258;187;1388;D8:80:39:D8:42:9E
1013;1557995222411;27984;259;187;1388;D8:80:39:D8:42:9E
1014;1557995222716;27984;259;187;1388;D8:80:39:D8:42:9E
1015;1557995222910;27984;259;187;1388;D8:80:39:D8:42:9E
1016;1557995223218;27984;259;186;1388;D8:80:39:D8:42:9E
1017;1557995223415;27984;259;186;1388;D8:80:39:D8:42:9E
1018;1557995223718;27984;259;186;1388;D8:80:39:D8:42:9E
1019;1557995223917;27984;259;186;1388;D8:80:39:D8:42:9E
1020;1557995224210;27984;259;186;1388;D8:80:39:D8:42:9E
1021;1557995224412;27984;259;186;1388;D8:80:39:D8:42:9E
1022;1557995224718;27984;259;186;1388;D8:80:39:D8:42:9E
1023;1557995224909;27984;259;186;1388;D8:80:39:D8:42:9E
1024;1557995225237;27984;259;186;1388;D8:80:39:D8:42:9E
1025;1557995225413;27984;259;186;1388;D8:80:39:D8:42:9E
1026;1557995225708;27984;259;186;1388;D8:80:39:D8:42:9E
1027;1557995225907;27984;259;186;1388;D8:80:39:D8:42:9E
1028;1557995226214;27984;259;186;1388;D8:80:39:D8:42:9E
1029;1557995226427;27984;259;185;1388;D8:80:39:D8:42:9E
1030;1557995226727;27984;259;186;1388;D8:80:39:D8:42:9E
1031;1557995226918;27984;259;185;1388;D8:80:39:D8:42:9E
1032;1557995227213;27984;259;185;1389;D8:80:39:D8:42:9E
1033;1557995227407;27984;259;185;1389;D8:80:39:D8:42:9E
1034;1557995227716;27984;259;184;1389;D8:80:39:D8:42:9E
1035;1557995227908;27984;259;184;1389;D8:80:39:D8:42:9E
1036;1557995228213;27984;259;184;1389;D8:80:39:D8:42:9E
1037;1557995228415;27984;258;184;1389;D8:80:39:D8:42:9E
1038;1557995228718;27984;258;185;1389;D8:80:39:D8:42:9E
1039;1557995228915;27984;258;185;1389;D8:80:39:D8:42:9E
1040;1557995229217;27984;259;185;1389;D8:80:39:D8:42:9E
1041;1557995229415;27984;259;185;1389;D8:80:39:D8:42:9E
1042;1557995229713;27984;259;185;1389;D8:80:39:D8:42:9E
1043;1557995229919;27984;259;185;1389;D8:80:39:D8:42:9E
1044;1557995230214;27984;259;185;1389;D8:80:39:D8:42:9E
1045;1557995230411;27984;259;185;1389;D8:80:39:D8:42:9E
1046;1557995230708;27984;259;185;1389;D8:80:39:D8:42:9E
1047;1557995230909;27984;259;185;1388;D8:80:39:D8:42:9E
1048;1557995231213;27984;258;186;1388;D8:80:39:D8:42:9E
1049;1557995231411;27984;258;185;1388;D8:80:39:D8:42:9E
1050;1557995231736;27984;259;185;1388;D8:80:39:D8:42:9E
1051;1557995231916;27984;258;185;1388;D8:80:39:D8:42:9E
1052;1557995232223;27984;258;185;1388;D8:80:39:D8:42:9E
1053;1557995232407;27984;257;186;1388;D8:80:39:D8:42:9E
1054;1557995232712;27984;257;186;1388;D8:80:39:D8:42:9E
1055;1557995232914;27984;257;185;1388;D8:80:39:D8:42:9E
1056;1557995233213;27984;258;185;1388;D8:80:39:D8:42:9E
1057;1557995233419;27984;258;185;1388;D8:80:39:D8:42:9E
1058;1557995233718;27984;258;185;1388;D8:80:39:D8:42:9E
1059;1557995233908;27984;259;186;1388;D8:80:39:D8:42:9E
1060;1557995234217;27984;259;186;1388;D8:80:39:D8:42:9E
1061;1557995234414;27984;263;185;1395;D8:80:39:D8:42:9E
1062;1557995234708;27984;274;185;1427;D8:80:39:D8:42:9E
1063;1557995234944;27984;278;187;1445;D8:80:39:D8:42:9E
1064;1557995235212;27984;281;189;1445;D8:80:39:D8:42:9E
1065;1557995235412;27984;283;192;1433;D8:80:39:D8:42:9E
1066;1557995235715;27984;284;195;1421;D8:80:39:D8:42:9E
1067;1557995235915;27984;284;196;1421;D8:80:39:D8:42:9E
1068;1557995236212;27984;277;194;1401;D8:80:39:D8:42:9E
1069;1557995236415;27984;270;191;1395;D8:80:39:D8:42:9E
1070;1557995236713;27984;264;183;1396;D8:80:39:D8:42:9E
1071;1557995236914;27984;259;181;1389;D8:80:39:D8:42:9E
1072;1557995237213;27984;254;182;1382;D8:80:39:D8:42:9E
1073;1557995237421;27984;254;182;1382;D8:80:39:D8:42:9E
1074;1557995237712;27984;256;183;1369;D8:80:39:D8:42:9E
1075;1557995238012;27984;262;185;1350;D8:80:39:D8:42:9E
1076;1557995238210;27984;266;186;1337;D8:80:39:D8:42:9E
1077;1557995238408;27984;270;186;1295;D8:80:39:D8:42:9E
1078;1557995238724;27984;276;185;1223;D8:80:39:D8:42:9E
1079;1557995238911;27984;275;182;1224;D8:80:39:D8:42:9E
1080;1557995239210;27984;266;179;1254;D8:80:39:D8:42:9E
1081;1557995239425;27984;261;178;1282;D8:80:39:D8:42:9E
1082;1557995239712;27984;258;179;1317;D8:80:39:D8:42:9E
1083;1557995239913;27984;260;180;1310;D8:80:39:D8:42:9E
1084;1557995240222;27984;264;182;1267;D8:80:39:D8:42:9E
1085;1557995240412;27984;264;182;1253;D8:80:39:D8:42:9E
1086;1557995240710;27984;267;182;1230;D8:80:39:D8:42:9E
1087;1557995240914;27984;269;182;1200;D8:80:39:D8:42:9E
1088;1557995241208;27984;271;180;1160;D8:80:39:D8:42:9E
1089;1557995241416;27984;272;179;1136;D8:80:39:D8:42:9E
1090;1557995241715;27984;271;178;1092;D8:80:39:D8:42:9E
1091;1557995241910;27984;271;177;1084;D8:80:39:D8:42:9E
1092;1557995242218;27984;273;177;1093;D8:80:39:D8:42:9E
1093;1557995242407;27984;273;177;1093;D8:80:39:D8:42:9E
1094;1557995242718;27984;272;177;1093;D8:80:39:D8:42:9E
1095;1557995242915;27984;271;177;1093;D8:80:39:D8:42:9E
1096;1557995243215;27984;271;177;1093;D8:80:39:D8:42:9E
1097;1557995243407;27984;271;177;1093;D8:80:39:D8:42:9E
1098;1557995243720;27984;271;178;1110;D8:80:39:D8:42:9E
1099;1557995243926;27984;271;178;1110;D8:80:39:D8:42:9E
1100;1557995244219;27984;271;178;1110;D8:80:39:D8:42:9E
1101;1557995244412;27984;272;178;1128;D8:80:39:D8:42:9E
1102;1557995244707;27984;272;179;1128;D8:80:39:D8:42:9E
1103;1557995245013;27984;272;179;1128;D8:80:39:D8:42:9E
1104;1557995245218;27984;271;179;1136;D8:80:39:D8:42:9E
1105;1557995245407;27984;271;180;1144;D8:80:39:D8:42:9E
1106;1557995245714;27984;272;179;1153;D8:80:39:D8:42:9E
1107;1557995245911;27984;272;179;1153;D8:80:39:D8:42:9E
1108;1557995246212;27984;271;178;1145;D8:80:39:D8:42:9E
1109;1557995246414;27984;271;178;1153;D8:80:39:D8:42:9E
1110;1557995246714;27984;271;180;1169;D8:80:39:D8:42:9E
1111;1557995246917;27984;271;180;1168;D8:80:39:D8:42:9E
1112;1557995247215;27984;272;180;1177;D8:80:39:D8:42:9E
1113;1557995247410;27984;272;180;1177;D8:80:39:D8:42:9E
1114;1557995247710;27984;271;180;1160;D8:80:39:D8:42:9E
1115;1557995247909;27984;271;180;1152;D8:80:39:D8:42:9E
1116;1557995248218;27984;271;180;1168;D8:80:39:D8:42:9E
1117;1557995248410;27984;271;180;1177;D8:80:39:D8:42:9E
1118;1557995248723;27984;271;180;1177;D8:80:39:D8:42:9E
1119;1557995248943;27984;270;180;1177;D8:80:39:D8:42:9E
1120;1557995249212;27984;270;180;1177;D8:80:39:D8:42:9E
1121;1557995249407;27984;270;180;1177;D8:80:39:D8:42:9E
1122;1557995249713;27984;271;180;1177;D8:80:39:D8:42:9E
1123;1557995249907;27984;272;180;1177;D8:80:39:D8:42:9E
1124;1557995250212;27984;271;180;1177;D8:80:39:D8:42:9E
1125;1557995250416;27984;270;180;1177;D8:80:39:D8:42:9E
1126;1557995250715;27984;271;180;1177;D8:80:39:D8:42:9E
1127;1557995250915;27984;271;180;1177;D8:80:39:D8:42:9E
1128;1557995251216;27984;270;180;1177;D8:80:39:D8:42:9E
1129;1557995251415;27984;270;180;1177;D8:80:39:D8:42:9E
1130;1557995251711;27984;270;179;1177;D8:80:39:D8:42:9E
1131;1557995251914;27984;271;179;1177;D8:80:39:D8:42:9E
1132;1557995252216;27984;272;180;1177;D8:80:39:D8:42:9E
1133;1557995252414;27984;272;180;1177;D8:80:39:D8:42:9E
1134;1557995252711;27984;270;179;1177;D8:80:39:D8:42:9E
1135;1557995252911;27984;270;179;1177;D8:80:39:D8:42:9E
1136;1557995253210;27984;270;179;1177;D8:80:39:D8:42:9E
1137;1557995253410;27984;270;180;1177;D8:80:39:D8:42:9E
1138;1557995253672;27984;270;180;1177;D8:80:39:D8:42:9E
1139;1557995253929;27984;270;180;1177;D8:80:39:D8:42:9E
1140;1557995254213;27984;270;180;1177;D8:80:39:D8:42:9E
1141;1557995254418;27984;270;180;1177;D8:80:39:D8:42:9E
1142;1557995254708;27984;270;180;1177;D8:80:39:D8:42:9E
1143;1557995254917;27984;270;180;1177;D8:80:39:D8:42:9E
1144;1557995255216;27984;270;180;1177;D8:80:39:D8:42:9E
1145;1557995255409;27984;270;180;1177;D8:80:39:D8:42:9E
1146;1557995255716;27984;270;180;1177;D8:80:39:D8:42:9E
1147;1557995255911;27984;270;180;1177;D8:80:39:D8:42:9E
1148;1557995256212;27984;271;180;1177;D8:80:39:D8:42:9E
1149;1557995256421;27984;272;180;1177;D8:80:39:D8:42:9E
1150;1557995256717;27984;271;179;1152;D8:80:39:D8:42:9E
1151;1557995256916;27984;271;179;1128;D8:80:39:D8:42:9E
1152;1557995257209;27981;483;202;1241;D8:80:39:D8:42:9E
1153;1557995257209;27984;271;178;1110;D8:80:39:D8:42:9E
1154;1557995257409;27981;483;203;1248;D8:80:39:D8:42:9E
1155;1557995257409;27984;270;178;1101;D8:80:39:D8:42:9E
1156;1557995257709;27981;483;202;1240;D8:80:39:D8:42:9E
1157;1557995257709;27984;271;177;1093;D8:80:39:D8:42:9E
1158;1557995257915;27981;482;202;1240;D8:80:39:D8:42:9E
1159;1557995257915;27984;271;177;1093;D8:80:39:D8:42:9E
1160;1557995258223;27981;483;203;1232;D8:80:39:D8:42:9E
1161;1557995258223;27984;271;177;1093;D8:80:39:D8:42:9E
1162;1557995258451;27981;484;204;1232;D8:80:39:D8:42:9E
1163;1557995258451;27984;271;177;1093;D8:80:39:D8:42:9E
1164;1557995258714;27981;484;204;1224;D8:80:39:D8:42:9E
1165;1557995258714;27984;272;177;1093;D8:80:39:D8:42:9E
1166;1557995258922;27981;484;203;1217;D8:80:39:D8:42:9E
1167;1557995258922;27984;272;177;1093;D8:80:39:D8:42:9E
1168;1557995259207;27981;483;201;1225;D8:80:39:D8:42:9E
1169;1557995259207;27984;271;177;1093;D8:80:39:D8:42:9E
1170;1557995259414;27981;483;200;1225;D8:80:39:D8:42:9E
1171;1557995259414;27984;271;177;1093;D8:80:39:D8:42:9E
1172;1557995259708;27981;484;202;1209;D8:80:39:D8:42:9E
1173;1557995259708;27984;271;177;1093;D8:80:39:D8:42:9E
1174;1557995259918;27981;484;202;1217;D8:80:39:D8:42:9E
1175;1557995259918;27984;271;177;1093;D8:80:39:D8:42:9E
1176;1557995260215;27981;483;203;1225;D8:80:39:D8:42:9E
1177;1557995260215;27984;271;177;1093;D8:80:39:D8:42:9E
1178;1557995260407;27981;484;203;1209;D8:80:39:D8:42:9E
1179;1557995260407;27984;271;178;1093;D8:80:39:D8:42:9E
1180;1557995260707;27981;485;202;1202;D8:80:39:D8:42:9E
1181;1557995260707;27984;271;178;1093;D8:80:39:D8:42:9E
1182;1557995260914;27981;485;202;1202;D8:80:39:D8:42:9E
1183;1557995260914;27984;271;177;1093;D8:80:39:D8:42:9E
1184;1557995261213;27981;485;202;1202;D8:80:39:D8:42:9E
1185;1557995261213;27984;271;177;1093;D8:80:39:D8:42:9E
1186;1557995261426;27981;485;202;1202;D8:80:39:D8:42:9E
1187;1557995261426;27984;271;177;1093;D8:80:39:D8:42:9E
1188;1557995261707;27981;485;202;1202;D8:80:39:D8:42:9E
1189;1557995261707;27984;271;177;1093;D8:80:39:D8:42:9E
1190;1557995261909;27981;485;202;1202;D8:80:39:D8:42:9E
1191;1557995261909;27984;271;177;1093;D8:80:39:D8:42:9E
1192;1557995262209;27981;485;202;1202;D8:80:39:D8:42:9E
1193;1557995262209;27984;271;177;1093;D8:80:39:D8:42:9E
1194;1557995262408;27981;485;202;1202;D8:80:39:D8:42:9E
1195;1557995262408;27984;271;177;1093;D8:80:39:D8:42:9E
1196;1557995262716;27981;485;202;1202;D8:80:39:D8:42:9E
1197;1557995262716;27984;271;177;1093;D8:80:39:D8:42:9E
1198;1557995262913;27981;485;202;1202;D8:80:39:D8:42:9E
1199;1557995262913;27984;271;177;1093;D8:80:39:D8:42:9E
1200;1557995263219;27981;485;202;1202;D8:80:39:D8:42:9E
1201;1557995263219;27984;271;177;1093;D8:80:39:D8:42:9E
1202;1557995263408;27981;485;202;1202;D8:80:39:D8:42:9E
1203;1557995263408;27984;271;177;1093;D8:80:39:D8:42:9E
1204;1557995263715;27981;485;202;1202;D8:80:39:D8:42:9E
1205;1557995263715;27984;271;178;1093;D8:80:39:D8:42:9E
1206;1557995263907;27981;485;202;1202;D8:80:39:D8:42:9E
1207;1557995263907;27984;271;179;1093;D8:80:39:D8:42:9E
1208;1557995264242;27981;485;202;1202;D8:80:39:D8:42:9E
1209;1557995264242;27984;271;179;1093;D8:80:39:D8:42:9E
1210;1557995264427;27981;484;202;1202;D8:80:39:D8:42:9E
1211;1557995264427;27984;271;178;1093;D8:80:39:D8:42:9E
1212;1557995264710;27981;484;202;1202;D8:80:39:D8:42:9E
1213;1557995264710;27984;271;178;1093;D8:80:39:D8:42:9E
1214;1557995264912;27981;485;202;1202;D8:80:39:D8:42:9E
1215;1557995264912;27984;272;179;1093;D8:80:39:D8:42:9E
1216;1557995265210;27981;485;202;1202;D8:80:39:D8:42:9E
1217;1557995265210;27984;271;178;1083;D8:80:39:D8:42:9E
1218;1557995265410;27981;485;202;1202;D8:80:39:D8:42:9E
1219;1557995265410;27984;271;178;1083;D8:80:39:D8:42:9E
1220;1557995265710;27981;485;202;1202;D8:80:39:D8:42:9E
1221;1557995265710;27984;271;177;1084;D8:80:39:D8:42:9E
1222;1557995265915;27981;485;202;1202;D8:80:39:D8:42:9E
1223;1557995265915;27984;272;177;1084;D8:80:39:D8:42:9E
1224;1557995266210;27981;484;202;1202;D8:80:39:D8:42:9E
1225;1557995266210;27984;272;176;1084;D8:80:39:D8:42:9E
1226;1557995266413;27981;484;202;1202;D8:80:39:D8:42:9E
1227;1557995266413;27984;271;176;1075;D8:80:39:D8:42:9E
1228;1557995266711;27981;485;202;1202;D8:80:39:D8:42:9E
1229;1557995266711;27984;272;177;1084;D8:80:39:D8:42:9E
1230;1557995266909;27981;485;202;1202;D8:80:39:D8:42:9E
1231;1557995266909;27984;271;177;1083;D8:80:39:D8:42:9E
1232;1557995267215;27981;485;202;1202;D8:80:39:D8:42:9E
1233;1557995267215;27984;269;176;1066;D8:80:39:D8:42:9E
1234;1557995267513;27981;484;202;1202;D8:80:39:D8:42:9E
1235;1557995267513;27984;271;176;1075;D8:80:39:D8:42:9E
1236;1557995267657;27981;484;202;1202;D8:80:39:D8:42:9E
1237;1557995267657;27984;271;177;1075;D8:80:39:D8:42:9E
1238;1557995267913;27981;485;202;1202;D8:80:39:D8:42:9E
1239;1557995267913;27984;271;177;1074;D8:80:39:D8:42:9E
1240;1557995268208;27981;485;202;1202;D8:80:39:D8:42:9E
1241;1557995268208;27984;269;177;1057;D8:80:39:D8:42:9E
1242;1557995268408;27981;485;202;1202;D8:80:39:D8:42:9E
1243;1557995268408;27984;268;177;1048;D8:80:39:D8:42:9E
1244;1557995268720;27981;484;202;1202;D8:80:39:D8:42:9E
1245;1557995268720;27984;269;177;1057;D8:80:39:D8:42:9E
1246;1557995268914;27981;484;202;1202;D8:80:39:D8:42:9E
1247;1557995268914;27984;270;177;1066;D8:80:39:D8:42:9E
1248;1557995269217;27981;485;202;1202;D8:80:39:D8:42:9E
1249;1557995269217;27984;269;177;1057;D8:80:39:D8:42:9E
1250;1557995269407;27981;485;202;1202;D8:80:39:D8:42:9E
1251;1557995269407;27984;268;177;1047;D8:80:39:D8:42:9E
1252;1557995269722;27981;485;202;1202;D8:80:39:D8:42:9E
1253;1557995269722;27984;270;177;1066;D8:80:39:D8:42:9E
1254;1557995269915;27981;485;202;1202;D8:80:39:D8:42:9E
1255;1557995269915;27984;271;177;1075;D8:80:39:D8:42:9E
1256;1557995270210;27981;485;202;1202;D8:80:39:D8:42:9E
1257;1557995270210;27984;269;177;1057;D8:80:39:D8:42:9E
1258;1557995270410;27981;485;202;1202;D8:80:39:D8:42:9E
1259;1557995270410;27984;269;177;1057;D8:80:39:D8:42:9E
1260;1557995270714;27981;485;202;1202;D8:80:39:D8:42:9E
1261;1557995270714;27984;269;177;1057;D8:80:39:D8:42:9E
1262;1557995270914;27981;485;202;1202;D8:80:39:D8:42:9E
1263;1557995270914;27984;269;177;1057;D8:80:39:D8:42:9E
1264;1557995271210;27981;485;202;1202;D8:80:39:D8:42:9E
1265;1557995271210;27984;269;176;1065;D8:80:39:D8:42:9E
1266;1557995271412;27981;485;202;1202;D8:80:39:D8:42:9E
1267;1557995271412;27984;271;176;1075;D8:80:39:D8:42:9E
1268;1557995271716;27981;485;202;1202;D8:80:39:D8:42:9E
1269;1557995271716;27984;271;176;1075;D8:80:39:D8:42:9E
1270;1557995272012;27981;485;202;1202;D8:80:39:D8:42:9E
1271;1557995272012;27984;269;176;1066;D8:80:39:D8:42:9E
1272;1557995272212;27981;485;202;1202;D8:80:39:D8:42:9E
1273;1557995272212;27984;271;176;1084;D8:80:39:D8:42:9E
1274;1557995272412;27981;485;202;1202;D8:80:39:D8:42:9E
1275;1557995272412;27984;273;176;1093;D8:80:39:D8:42:9E
1276;1557995272707;27981;485;202;1202;D8:80:39:D8:42:9E
1277;1557995272707;27984;272;176;1084;D8:80:39:D8:42:9E
1278;1557995272908;27981;485;202;1202;D8:80:39:D8:42:9E
1279;1557995272908;27984;271;176;1075;D8:80:39:D8:42:9E
1280;1557995273210;27981;485;202;1202;D8:80:39:D8:42:9E
1281;1557995273210;27984;270;176;1066;D8:80:39:D8:42:9E
1282;1557995273409;27981;485;202;1202;D8:80:39:D8:42:9E
1283;1557995273409;27984;268;177;1056;D8:80:39:D8:42:9E
1284;1557995273716;27981;485;202;1202;D8:80:39:D8:42:9E
1285;1557995273716;27984;269;177;1057;D8:80:39:D8:42:9E
1286;1557995273920;27981;485;202;1202;D8:80:39:D8:42:9E
1287;1557995273920;27984;269;177;1057;D8:80:39:D8:42:9E
1288;1557995274212;27981;485;202;1202;D8:80:39:D8:42:9E
1289;1557995274212;27984;268;177;1056;D8:80:39:D8:42:9E
1290;1557995274414;27984;268;177;1056;D8:80:39:D8:42:9E
1291;1557995274712;27984;267;177;1047;D8:80:39:D8:42:9E
1292;1557995274920;27984;268;177;1048;D8:80:39:D8:42:9E
1293;1557995275208;27984;268;177;1047;D8:80:39:D8:42:9E
1294;1557995275514;27984;268;177;1047;D8:80:39:D8:42:9E
1295;1557995275715;27984;268;177;1048;D8:80:39:D8:42:9E
1296;1557995275921;27984;268;177;1047;D8:80:39:D8:42:9E
1297;1557995276213;27984;268;177;1047;D8:80:39:D8:42:9E
1298;1557995276418;27984;268;177;1048;D8:80:39:D8:42:9E
1299;1557995276710;27984;267;177;1047;D8:80:39:D8:42:9E
1300;1557995276911;27984;269;177;1056;D8:80:39:D8:42:9E
1301;1557995277218;27984;269;176;1057;D8:80:39:D8:42:9E
1302;1557995277410;27984;268;177;1047;D8:80:39:D8:42:9E
1303;1557995277711;27984;268;177;1048;D8:80:39:D8:42:9E
1304;1557995277910;27984;268;177;1047;D8:80:39:D8:42:9E
1305;1557995278206;27984;267;177;1047;D8:80:39:D8:42:9E
1306;1557995278515;27984;268;177;1047;D8:80:39:D8:42:9E
1307;1557995278721;27984;268;177;1047;D8:80:39:D8:42:9E
1308;1557995278911;27984;268;177;1047;D8:80:39:D8:42:9E
1309;1557995279208;27984;268;177;1048;D8:80:39:D8:42:9E
1310;1557995279407;27984;268;177;1048;D8:80:39:D8:42:9E
1311;1557995279717;27984;268;177;1048;D8:80:39:D8:42:9E
