;XOVIS_TIME;UWB_TIME;UWB_X;UWB_Y;XOVIS_X;XOVIS_Y;XOVIS_PERSON_ID
0;1557995046707;1557995046685;961;1981;263;178;27966
1;1557995046907;1557995046685;961;1981;263;178;27966
2;1557995047226;1557995047057;926;2247;263;178;27966
3;1557995047412;1557995047237;955;1997;263;178;27966
4;1557995047706;1557995047609;918;1988;263;178;27966
5;1557995048012;1557995047974;948;2209;263;177;27966
6;1557995048215;1557995048157;925;1977;264;177;27966
7;1557995048511;1557995048342;932;2240;264;176;27966
8;1557995048716;1557995048700;929;1986;264;176;27966
9;1557995048911;1557995048880;942;2232;263;175;27966
10;1557995049223;1557995049060;911;2021;264;176;27966
11;1557995049414;1557995049252;950;2227;264;176;27966
12;1557995049710;1557995049615;958;2000;264;175;27966
13;1557995049912;1557995049615;958;2000;264;176;27966
14;1557995050258;1557995050168;1007;2212;263;175;27966
15;1557995050414;1557995050346;960;2206;263;175;27966
16;1557995050712;1557995050346;960;2206;263;176;27966
17;1557995050914;1557995050898;929;2242;263;175;27966
18;1557995051223;1557995051079;946;1965;263;176;27966
19;1557995051413;1557995051259;965;2198;263;176;27966
20;1557995051707;1557995051439;967;2218;263;177;27966
21;1557995051908;1557995051813;973;2180;264;177;27966
22;1557995052206;1557995052173;985;1999;265;179;27966
23;1557995052425;1557995052357;957;2004;265;180;27966
24;1557995052712;1557995052537;962;2217;265;180;27966
25;1557995052912;1557995052908;978;2217;265;180;27966
26;1557995053224;1557995053089;960;2012;264;180;27966
27;1557995053419;1557995053089;960;2012;265;180;27966
28;1557995053709;1557995053641;918;2214;265;180;27966
29;1557995053913;1557995053822;955;2146;265;180;27966
30;1557995054216;1557995054194;911;2167;264;180;27966
31;1557995054411;1557995054374;909;2209;264;180;27966
32;1557995054710;1557995054567;906;2247;265;179;27966
33;1557995054914;1557995054747;912;2029;265;178;27966
34;1557995055222;1557995055111;920;2246;265;178;27966
35;1557995055448;1557995055292;914;2216;265;177;27966
36;1557995055715;1557995055664;931;2234;265;177;27966
37;1557995055911;1557995055843;899;2218;265;177;27966
38;1557995056212;1557995056204;933;2227;265;177;27966
39;1557995056512;1557995056204;933;2227;265;177;27966
40;1557995056714;1557995056577;936;2032;265;177;27966
41;1557995057011;1557995056937;959;2218;265;176;27966
42;1557995057245;1557995056937;959;2218;265;175;27966
43;1557995057409;1557995057309;920;2055;265;176;27966
44;1557995057705;1557995057680;941;2199;265;176;27966
45;1557995057908;1557995057680;941;2199;265;176;27966
46;1557995058214;1557995058041;915;2064;265;177;27966
47;1557995058413;1557995058221;921;2144;265;177;27966
48;1557995058710;1557995058591;897;2055;265;176;27966
49;1557995058911;1557995058771;913;2086;264;176;27966
50;1557995059215;1557995059141;904;2068;264;176;27966
51;1557995059408;1557995059321;942;2050;265;177;27966
52;1557995059716;1557995059685;955;2099;265;178;27966
53;1557995059911;1557995059865;919;2089;264;178;27966
54;1557995060210;1557995059865;919;2089;265;178;27966
55;1557995060410;1557995060238;879;2253;266;178;27966
56;1557995060706;1557995060599;910;2101;265;177;27966
57;1557995060937;1557995060791;923;2082;265;177;27966
58;1557995061224;1557995061151;988;2260;265;177;27966
59;1557995061511;1557995061151;988;2260;265;177;27966
60;1557995061712;1557995061703;917;2189;265;177;27966
61;1557995062012;1557995061884;943;2235;265;177;27966
62;1557995062216;1557995062064;924;2077;265;177;27966
63;1557995062407;1557995062064;924;2077;265;177;27966
64;1557995062715;1557995062615;924;2067;265;177;27966
65;1557995063010;1557995062978;888;2242;265;178;27966
66;1557995063224;1557995062978;888;2242;265;177;27966
67;1557995063413;1557995063350;960;2236;265;177;27966
68;1557995063711;1557995063711;878;2161;265;177;27966
69;1557995063912;1557995063711;878;2161;265;177;27966
70;1557995064208;1557995064083;940;2217;265;177;27966
71;1557995064414;1557995064263;929;2057;265;177;27966
72;1557995064710;1557995064635;939;2237;265;177;27966
73;1557995064911;1557995064815;893;2100;265;177;27966
74;1557995065232;1557995065182;924;2044;265;177;27966
75;1557995065412;1557995065365;935;2068;265;178;27966
76;1557995065708;1557995065545;955;2054;265;178;27966
77;1557995065911;1557995065545;955;2054;265;178;27966
78;1557995066249;1557995066099;866;2225;265;178;27966
79;1557995066410;1557995066279;933;2097;265;178;27966
80;1557995066707;1557995066639;890;2072;265;178;27966
81;1557995066909;1557995066823;942;2235;265;178;27966
82;1557995067237;1557995067183;932;2270;265;177;27966
83;1557995067409;1557995067373;910;2228;265;177;27966
84;1557995067707;1557995067553;880;2234;265;177;27966
85;1557995067914;1557995067733;915;2090;265;177;27966
86;1557995068219;1557995068109;878;2112;265;178;27966
87;1557995068418;1557995068289;912;2124;265;177;27966
88;1557995068710;1557995068662;923;2054;265;177;27966
89;1557995068909;1557995068842;936;2265;265;177;27966
90;1557995069232;1557995069024;874;2230;265;177;27966
91;1557995069409;1557995069387;985;2196;264;177;27966
92;1557995069714;1557995069387;985;2196;261;177;27966
93;1557995070025;1557995069760;1049;2323;260;178;27966
94;1557995070216;1557995070115;969;1780;260;177;27966
95;1557995070413;1557995070115;969;1780;260;176;27966
96;1557995070711;1557995070669;859;1629;260;175;27966
97;1557995070913;1557995070849;875;1415;260;175;27966
98;1557995071220;1557995071029;793;1451;261;175;27966
99;1557995071414;1557995071405;871;1312;262;175;27966
100;1557995071717;1557995071585;907;1618;262;175;27966
101;1557995071915;1557995071585;907;1618;262;175;27966
102;1557995072218;1557995072137;947;2213;260;175;27966
103;1557995072512;1557995072317;847;2404;260;175;27966
104;1557995072710;1557995072687;895;2374;260;175;27966
105;1557995072912;1557995072868;972;2629;260;175;27966
106;1557995073219;1557995073053;890;2616;260;175;27966
107;1557995073415;1557995073233;883;2574;260;175;27966
108;1557995073716;1557995073605;880;2454;260;175;27966
109;1557995074013;1557995073965;857;2481;260;175;27966
110;1557995074216;1557995074147;858;2624;259;175;27966
111;1557995074415;1557995074147;858;2624;259;175;27966
112;1557995074715;1557995074702;998;2234;258;175;27966
113;1557995074909;1557995074882;980;2280;257;175;27966
114;1557995074909;1557995074882;980;2280;273;193;27977
115;1557995075224;1557995075065;1111;2312;257;174;27966
116;1557995075224;1557995075065;1111;2312;275;195;27977
117;1557995075418;1557995075065;1111;2312;258;174;27966
118;1557995075418;1557995075065;1111;2312;276;195;27977
119;1557995075718;1557995075612;1204;2240;258;175;27966
120;1557995075718;1557995075612;1204;2240;279;194;27977
121;1557995075912;1557995075612;1204;2240;259;175;27966
122;1557995075912;1557995075612;1204;2240;282;192;27977
123;1557995076211;1557995076164;1348;2171;261;175;27966
124;1557995076211;1557995076164;1348;2171;285;191;27977
125;1557995076417;1557995076344;1323;2250;262;175;27966
126;1557995076417;1557995076344;1323;2250;285;191;27977
127;1557995076717;1557995076715;1297;2203;261;175;27966
128;1557995076717;1557995076715;1297;2203;285;191;27977
129;1557995076946;1557995076897;1247;2239;261;175;27966
130;1557995077222;1557995077077;1115;2401;261;175;27966
131;1557995077409;1557995077257;928;2257;261;174;27966
132;1557995077704;1557995077629;768;2096;261;174;27966
133;1557995078012;1557995077995;594;2132;260;175;27966
134;1557995078209;1557995077995;594;2132;259;176;27966
135;1557995078410;1557995078357;654;2147;259;177;27966
136;1557995078706;1557995078357;654;2147;259;176;27966
137;1557995079012;1557995078902;886;1784;259;176;27966
138;1557995079226;1557995079081;755;2261;259;177;27966
139;1557995079414;1557995079262;602;2113;258;176;27966
140;1557995079711;1557995079454;1021;1902;258;177;27966
141;1557995079911;1557995079818;978;2066;259;177;27966
142;1557995080208;1557995080188;1131;2010;260;177;27966
143;1557995080409;1557995080368;928;1946;262;177;27966
144;1557995080707;1557995080548;890;2141;262;177;27966
145;1557995080907;1557995080728;892;1995;263;178;27966
146;1557995081219;1557995081117;936;1987;264;180;27966
147;1557995081410;1557995081297;910;1978;265;180;27966
148;1557995081708;1557995081657;882;2056;265;179;27966
149;1557995081907;1557995081837;890;2103;265;179;27966
150;1557995082258;1557995081837;890;2103;264;178;27966
151;1557995082414;1557995081837;890;2103;265;178;27966
152;1557995082725;1557995081837;890;2103;265;177;27966
153;1557995082914;1557995082755;920;2011;265;177;27966
154;1557995083238;1557995082935;934;2124;264;177;27966
155;1557995083409;1557995082935;934;2124;264;177;27966
156;1557995083714;1557995083668;928;2172;265;177;27966
157;1557995084012;1557995083668;928;2172;265;177;27966
158;1557995084213;1557995084043;924;2023;265;177;27966
159;1557995084414;1557995084403;872;2138;265;177;27966
160;1557995084711;1557995084585;934;2032;264;177;27966
161;1557995084910;1557995084766;901;2143;265;176;27966
162;1557995085222;1557995085132;908;2021;265;177;27966
163;1557995085424;1557995085313;943;2135;264;177;27966
164;1557995085705;1557995085684;933;2179;265;178;27966
165;1557995085907;1557995085868;916;1965;265;178;27966
166;1557995086214;1557995086049;905;2137;265;178;27966
167;1557995086415;1557995086415;892;2118;265;177;27966
168;1557995086710;1557995086595;924;2117;265;178;27966
169;1557995086910;1557995086595;924;2117;265;178;27966
170;1557995087214;1557995087147;912;2150;266;177;27966
171;1557995087410;1557995087333;921;1985;267;177;27966
172;1557995087737;1557995087699;883;2089;266;178;27966
173;1557995087908;1557995087877;911;1977;266;178;27966
174;1557995088206;1557995087877;911;1977;264;179;27966
175;1557995088513;1557995088427;938;2123;263;180;27966
176;1557995088715;1557995088427;938;2123;262;179;27966
177;1557995088913;1557995088797;1067;2052;261;178;27966
178;1557995089222;1557995089158;952;2112;261;179;27966
179;1557995089408;1557995089336;940;2115;258;180;27966
180;1557995089714;1557995089516;948;1942;253;182;27966
181;1557995090014;1557995089888;959;2119;250;183;27966
182;1557995090212;1557995090067;939;2114;251;182;27966
183;1557995090413;1557995090261;958;1919;253;181;27966
184;1557995090706;1557995090621;960;2111;255;180;27966
185;1557995090907;1557995090813;938;2121;255;180;27966
186;1557995091222;1557995091173;964;2113;256;181;27966
187;1557995091413;1557995091173;964;2113;256;181;27966
188;1557995091708;1557995091542;938;1923;255;181;27966
189;1557995091909;1557995091725;962;2095;255;181;27966
190;1557995092223;1557995092110;922;2088;256;181;27966
191;1557995092414;1557995092290;910;1899;256;181;27966
192;1557995092710;1557995092650;903;1943;255;180;27966
193;1557995092909;1557995092650;903;1943;254;180;27966
194;1557995093268;1557995093203;920;1886;254;180;27966
195;1557995093413;1557995093203;920;1886;254;180;27966
196;1557995093709;1557995093584;937;2122;254;179;27966
197;1557995093911;1557995093748;947;2099;254;179;27966
198;1557995094210;1557995094116;953;2117;254;179;27966
199;1557995094414;1557995094303;987;2136;254;179;27966
200;1557995094711;1557995094662;936;2155;255;179;27966
201;1557995094911;1557995094843;1076;1998;258;178;27966
202;1557995095213;1557995095209;1084;2009;264;177;27966
203;1557995095512;1557995095397;1019;2022;268;178;27966
204;1557995095710;1557995095580;1040;2057;268;179;27966
205;1557995095910;1557995095763;920;2031;267;179;27966
206;1557995096205;1557995096130;1091;1680;264;179;27966
207;1557995096512;1557995096487;951;1882;263;178;27966
208;1557995096714;1557995096667;959;2098;263;178;27966
209;1557995097010;1557995096854;912;2144;263;178;27966
210;1557995097221;1557995097221;940;1943;264;179;27966
211;1557995097428;1557995097400;883;2042;264;179;27966
212;1557995097706;1557995097584;989;2116;263;178;27966
213;1557995097908;1557995097769;961;2106;263;178;27966
214;1557995098214;1557995098130;929;1993;263;178;27966
215;1557995098407;1557995098349;974;1907;264;179;27966
216;1557995098760;1557995098688;971;1875;264;179;27966
217;1557995098926;1557995098871;956;2122;263;179;27966
218;1557995099227;1557995099052;962;1915;264;179;27966
219;1557995099415;1557995099239;976;1880;264;179;27966
220;1557995099720;1557995099596;953;2123;263;180;27966
221;1557995099910;1557995099783;947;2088;264;180;27966
222;1557995100215;1557995100157;938;1901;264;181;27966
223;1557995100407;1557995100334;966;2106;265;181;27966
224;1557995100712;1557995100520;935;1897;265;180;27966
225;1557995100912;1557995100716;962;2108;265;180;27966
226;1557995101213;1557995101073;942;1868;265;180;27966
227;1557995101411;1557995101073;942;1868;265;181;27966
228;1557995101707;1557995101609;944;2113;265;181;27966
229;1557995101910;1557995101796;947;2117;265;180;27966
230;1557995102209;1557995102163;987;1924;265;180;27966
231;1557995102409;1557995102346;970;2115;265;179;27966
232;1557995102709;1557995102524;937;2138;265;179;27966
233;1557995102925;1557995102897;929;1900;265;180;27966
234;1557995103220;1557995103084;956;2113;265;180;27966
235;1557995103407;1557995103253;1117;2060;265;180;27966
236;1557995103717;1557995103615;989;2125;265;178;27966
237;1557995103907;1557995103798;995;1907;265;178;27966
238;1557995104225;1557995104169;926;2114;265;178;27966
239;1557995104407;1557995104347;993;1885;264;178;27966
240;1557995104714;1557995104708;922;1882;264;178;27966
241;1557995104913;1557995104708;922;1882;264;178;27966
242;1557995105213;1557995105116;983;2088;264;179;27966
243;1557995105415;1557995105264;969;2105;264;179;27966
244;1557995105714;1557995105446;977;1893;264;178;27966
245;1557995106011;1557995106002;943;2140;265;178;27966
246;1557995106213;1557995106175;960;2107;265;178;27966
247;1557995106412;1557995106384;959;2108;265;178;27966
248;1557995106707;1557995106559;904;2122;265;178;27966
249;1557995106910;1557995106751;983;1883;265;179;27966
250;1557995107220;1557995107106;957;1944;265;180;27966
251;1557995107413;1557995107285;973;1918;265;180;27966
252;1557995107705;1557995107642;942;1908;265;180;27966
253;1557995108014;1557995108009;966;1903;265;180;27966
254;1557995108214;1557995108189;946;2100;265;180;27966
255;1557995108413;1557995108374;944;1897;265;180;27966
256;1557995108709;1557995108565;958;1919;265;180;27966
257;1557995108908;1557995108565;958;1919;265;179;27966
258;1557995109219;1557995109106;974;1905;265;178;27966
259;1557995109413;1557995109286;968;1895;265;178;27966
260;1557995109710;1557995109474;933;2092;265;178;27966
261;1557995109910;1557995109836;998;1925;265;178;27966
262;1557995110213;1557995110204;940;2108;264;178;27966
263;1557995110411;1557995110204;940;2108;264;178;27966
264;1557995110705;1557995110560;1010;1893;265;178;27966
265;1557995110908;1557995110560;1010;1893;265;178;27966
266;1557995111220;1557995111125;933;2105;265;178;27966
267;1557995111437;1557995111290;955;1912;265;178;27966
268;1557995111717;1557995111663;998;1935;265;178;27966
269;1557995111909;1557995111663;998;1935;265;178;27966
270;1557995112218;1557995111663;998;1935;265;178;27966
271;1557995112416;1557995112392;952;1935;264;178;27966
272;1557995112721;1557995112572;961;2108;265;178;27966
273;1557995112912;1557995112572;961;2108;265;178;27966
274;1557995113213;1557995112936;956;2097;265;178;27966
275;1557995113408;1557995113308;964;1908;265;178;27966
276;1557995113711;1557995113674;956;2131;265;178;27966
277;1557995113910;1557995113674;956;2131;265;178;27966
278;1557995114209;1557995114042;981;1929;265;178;27966
279;1557995114408;1557995114408;965;1912;265;178;27966
280;1557995114715;1557995114590;960;2125;265;178;27966
281;1557995114940;1557995114779;949;1973;265;179;27966
282;1557995115218;1557995114956;942;2009;265;179;27966
283;1557995115410;1557995115323;916;2100;265;178;27966
284;1557995115705;1557995115690;976;1900;265;178;27966
285;1557995116013;1557995115873;972;2136;265;178;27966
286;1557995116212;1557995116049;906;1943;265;178;27966
287;1557995116413;1557995116238;962;1917;265;178;27966
288;1557995116709;1557995116600;918;1952;265;178;27966
289;1557995116908;1557995116783;924;2107;265;178;27966
290;1557995117230;1557995117147;954;1941;265;178;27966
291;1557995117429;1557995117326;971;1933;265;178;27966
292;1557995117714;1557995117697;945;2124;265;179;27966
293;1557995118010;1557995117882;942;2118;266;180;27966
294;1557995118212;1557995118060;922;2025;266;180;27966
295;1557995118511;1557995118428;920;1919;265;180;27966
296;1557995118715;1557995118617;951;1968;265;180;27966
297;1557995119013;1557995118980;1136;1976;266;180;27966
298;1557995119223;1557995119161;1096;1631;268;180;27966
299;1557995119415;1557995119349;1064;1695;269;180;27966
300;1557995119711;1557995119532;1113;1687;271;180;27966
301;1557995119914;1557995119895;1062;1793;273;180;27966
302;1557995120247;1557995120079;1004;1934;277;180;27966
303;1557995120409;1557995120079;1004;1934;277;182;27966
304;1557995120706;1557995120628;1150;1591;276;183;27966
305;1557995120907;1557995120628;1150;1591;274;182;27966
306;1557995121218;1557995121178;1036;2053;269;179;27966
307;1557995121415;1557995121178;1036;2053;266;179;27966
308;1557995121710;1557995121178;1036;2053;262;180;27966
309;1557995121912;1557995121908;1106;1655;261;180;27966
310;1557995122210;1557995122096;1103;1668;261;181;27966
311;1557995122408;1557995122277;1121;1973;262;181;27966
312;1557995122715;1557995122467;1051;1730;264;182;27966
313;1557995123010;1557995123003;1064;1702;269;184;27966
314;1557995123213;1557995123192;1076;1983;270;184;27966
315;1557995123421;1557995123192;1076;1983;270;183;27966
316;1557995123710;1557995123192;1076;1983;271;182;27966
317;1557995123910;1557995123742;1088;1674;271;182;27966
318;1557995124219;1557995124105;1058;1738;270;182;27966
319;1557995124411;1557995124105;1058;1738;269;182;27966
320;1557995124726;1557995124653;1030;1832;267;182;27966
321;1557995124907;1557995124837;1026;1844;266;182;27966
322;1557995125224;1557995125202;975;1824;265;182;27966
323;1557995125415;1557995125393;988;2070;264;182;27966
324;1557995125708;1557995125571;976;1819;264;182;27966
325;1557995125910;1557995125571;976;1819;265;182;27966
326;1557995126214;1557995126128;983;1854;265;182;27966
327;1557995126408;1557995126128;983;1854;265;182;27966
328;1557995126716;1557995126668;975;1829;264;182;27966
329;1557995126916;1557995126845;1010;2097;264;182;27966
330;1557995127224;1557995127215;979;1819;264;182;27966
331;1557995127412;1557995127389;966;1770;264;183;27966
332;1557995127706;1557995127389;966;1770;264;183;27966
333;1557995127908;1557995127754;981;2074;264;182;27966
334;1557995128227;1557995128129;1038;1818;264;182;27966
335;1557995128511;1557995128489;1024;2062;264;182;27966
336;1557995128715;1557995128686;1062;1746;264;182;27966
337;1557995129011;1557995128853;987;1804;264;182;27966
338;1557995129220;1557995129036;1000;1791;264;182;27966
339;1557995129411;1557995129408;1002;2039;264;182;27966
340;1557995129718;1557995129408;1002;2039;264;182;27966
341;1557995129909;1557995129770;1027;1823;265;182;27966
342;1557995130212;1557995130140;955;1805;265;181;27966
343;1557995130409;1557995130325;1009;1802;265;181;27966
344;1557995130715;1557995130691;1001;1826;265;181;27966
345;1557995130915;1557995130691;1001;1826;265;181;27966
346;1557995131219;1557995131069;1011;1789;267;182;27966
347;1557995131411;1557995131069;1011;1789;264;183;27966
348;1557995131706;1557995131434;1075;1691;252;191;27966
349;1557995131907;1557995131796;993;2062;249;196;27966
350;1557995132218;1557995131796;993;2062;249;197;27966
351;1557995132413;1557995132348;947;1896;249;197;27966
352;1557995132711;1557995132348;947;1896;248;196;27966
353;1557995132912;1557995132897;982;1874;248;196;27966
354;1557995133215;1557995133079;962;2111;248;197;27966
355;1557995133412;1557995133267;962;2106;249;197;27966
356;1557995133712;1557995133629;985;2110;249;198;27966
357;1557995133920;1557995133817;941;1905;257;192;27966
358;1557995134212;1557995134178;1065;1996;271;183;27966
359;1557995134413;1557995134356;918;1876;270;182;27966
360;1557995134707;1557995134356;918;1876;266;183;27966
361;1557995134909;1557995134728;1031;2056;267;186;27966
362;1557995135226;1557995135093;937;1937;273;195;27966
363;1557995135435;1557995135278;1091;1793;278;199;27966
364;1557995135710;1557995135641;1140;1941;281;201;27966
365;1557995136010;1557995135822;945;1994;278;199;27966
366;1557995136253;1557995136184;946;2310;274;195;27966
367;1557995136413;1557995136184;946;2310;267;191;27966
368;1557995136710;1557995136557;948;2458;258;186;27966
369;1557995136911;1557995136557;948;2458;255;184;27966
370;1557995137221;1557995137102;821;2537;254;182;27966
371;1557995137408;1557995137288;832;2579;256;181;27966
372;1557995137714;1557995137288;832;2579;259;182;27966
373;1557995137907;1557995137841;871;2644;260;182;27966
374;1557995138211;1557995138207;850;2611;261;180;27966
375;1557995138408;1557995138385;862;2646;262;180;27966
376;1557995138717;1557995138570;661;2648;264;180;27966
377;1557995138918;1557995138747;786;2642;267;180;27966
378;1557995139220;1557995139122;801;2734;271;179;27966
379;1557995139411;1557995139122;801;2734;272;178;27966
380;1557995139707;1557995139676;903;2786;273;178;27966
381;1557995139917;1557995139852;856;2745;266;178;27966
382;1557995140208;1557995139852;856;2745;255;176;27966
383;1557995140408;1557995140216;860;2774;255;176;27966
384;1557995140712;1557995140584;846;2769;260;178;27966
385;1557995140913;1557995140772;863;2782;268;179;27966
386;1557995141226;1557995141141;865;2700;274;179;27966
387;1557995141421;1557995141316;870;2661;274;179;27966
388;1557995141713;1557995141687;840;2762;274;179;27966
389;1557995141909;1557995141866;858;2713;274;179;27966
390;1557995142208;1557995142051;858;2697;271;179;27966
391;1557995142513;1557995142421;840;2790;274;179;27966
392;1557995142707;1557995142595;878;2730;268;178;27966
393;1557995142937;1557995142778;846;2788;260;177;27966
394;1557995143213;1557995143146;876;2767;256;177;27966
395;1557995143415;1557995143326;852;2811;256;178;27966
396;1557995143720;1557995143695;825;2774;256;177;27966
397;1557995143914;1557995143882;848;2806;256;177;27966
398;1557995144210;1557995144066;847;2803;256;178;27966
399;1557995144512;1557995144443;902;2657;256;177;27966
400;1557995144709;1557995144616;896;2754;258;178;27966
401;1557995144907;1557995144802;864;2782;259;180;27966
402;1557995145212;1557995144983;887;2696;261;182;27966
403;1557995145412;1557995145353;927;2707;261;182;27966
404;1557995145711;1557995145538;817;2727;260;181;27966
405;1557995145916;1557995145898;817;2653;266;179;27966
406;1557995146212;1557995146080;784;2750;274;179;27966
407;1557995146412;1557995146080;784;2750;273;180;27966
408;1557995146733;1557995146637;831;2731;272;180;27966
409;1557995146916;1557995146637;831;2731;272;179;27966
410;1557995147224;1557995147172;886;2712;272;179;27966
411;1557995147410;1557995147363;785;2773;272;179;27966
412;1557995147712;1557995147540;815;2737;272;179;27966
413;1557995147907;1557995147740;830;2672;272;179;27966
414;1557995148214;1557995148101;871;2733;272;179;27966
415;1557995148413;1557995148278;857;2658;269;179;27966
416;1557995148710;1557995148645;879;2609;270;179;27966
417;1557995148917;1557995148820;924;2544;270;179;27966
418;1557995149217;1557995149190;874;2729;265;178;27966
419;1557995149418;1557995149380;870;2799;262;177;27966
420;1557995149715;1557995149551;861;2795;264;178;27966
421;1557995149912;1557995149739;871;2688;270;179;27966
422;1557995150213;1557995150109;904;2710;272;179;27966
423;1557995150414;1557995150284;868;2693;271;179;27966
424;1557995150711;1557995150660;867;2717;272;179;27966
425;1557995150907;1557995150837;851;2695;273;179;27966
426;1557995151225;1557995151209;865;2709;265;179;27966
427;1557995151415;1557995151391;891;2722;261;178;27966
428;1557995151716;1557995151570;862;2725;260;178;27966
429;1557995151912;1557995151570;862;2725;258;177;27966
430;1557995152217;1557995152128;859;2761;262;178;27966
431;1557995152408;1557995152314;894;2701;262;178;27966
432;1557995152707;1557995152674;841;2786;264;178;27966
433;1557995153011;1557995152852;866;2779;268;178;27966
434;1557995153230;1557995153222;881;2729;268;178;27966
435;1557995153415;1557995153404;853;2748;267;178;27966
436;1557995153719;1557995153586;884;2731;263;178;27966
437;1557995153913;1557995153586;884;2731;261;178;27966
438;1557995154228;1557995154143;870;2721;262;178;27966
439;1557995154409;1557995154323;884;2706;264;178;27966
440;1557995154713;1557995154690;867;2741;260;178;27966
441;1557995154907;1557995154873;858;2741;258;178;27966
442;1557995155221;1557995155055;882;2797;260;178;27966
443;1557995155512;1557995155420;876;2748;260;178;27966
444;1557995155716;1557995155608;896;2717;262;178;27966
445;1557995155907;1557995155608;896;2717;260;177;27966
446;1557995156217;1557995156158;849;2684;257;177;27966
447;1557995156408;1557995156344;871;2663;260;178;27966
448;1557995156713;1557995156526;845;2777;263;179;27966
449;1557995156916;1557995156898;782;2708;261;179;27966
450;1557995157218;1557995157081;774;2701;260;179;27966
451;1557995157428;1557995157264;803;2682;259;179;27966
452;1557995157712;1557995157628;783;2729;256;178;27966
453;1557995157909;1557995157628;783;2729;256;178;27966
454;1557995158242;1557995158180;838;2750;256;177;27966
455;1557995158415;1557995158358;838;2758;257;177;27966
456;1557995158720;1557995158358;838;2758;257;177;27966
457;1557995159010;1557995158910;844;2735;256;177;27966
458;1557995159218;1557995158910;844;2735;256;178;27966
459;1557995159409;1557995159283;830;2753;256;178;27966
460;1557995159707;1557995159646;821;2728;257;178;27966
461;1557995159910;1557995159646;821;2728;256;179;27966
462;1557995160212;1557995160199;786;2755;256;178;27966
463;1557995160411;1557995160378;789;2744;256;177;27966
464;1557995160711;1557995160378;789;2744;256;178;27966
465;1557995160914;1557995160747;783;2724;256;178;27966
466;1557995161223;1557995161121;793;2726;257;178;27966
467;1557995161415;1557995161300;795;2736;256;177;27966
468;1557995161711;1557995161663;831;2698;255;177;27966
469;1557995161912;1557995161663;831;2698;255;177;27966
470;1557995162216;1557995162038;799;2778;262;178;27966
471;1557995162416;1557995162402;869;2778;267;177;27966
472;1557995162731;1557995162402;869;2778;266;174;27966
473;1557995162907;1557995162767;971;2749;262;172;27966
474;1557995163221;1557995162949;937;2811;262;168;27966
475;1557995163409;1557995163322;1105;2806;265;166;27966
476;1557995163714;1557995163688;1332;2888;274;163;27966
477;1557995163908;1557995163871;1333;2877;279;162;27966
478;1557995164217;1557995163871;1333;2877;287;159;27966
479;1557995164410;1557995164235;1847;2529;294;154;27966
480;1557995164707;1557995164606;1945;2781;305;150;27966
481;1557995164910;1557995164789;2124;2645;313;150;27966
482;1557995165216;1557995164789;2124;2645;325;154;27966
483;1557995165415;1557995165343;2111;2593;333;158;27966
484;1557995165707;1557995165702;2180;2301;343;166;27966
485;1557995165910;1557995165887;2229;2145;350;172;27966
486;1557995166217;1557995166065;2152;1981;357;183;27966
487;1557995166416;1557995166065;2152;1981;357;191;27966
488;1557995166719;1557995166620;1912;1600;355;204;27966
489;1557995166908;1557995166801;1370;912;354;212;27966
490;1557995167222;1557995167174;1682;1328;349;224;27966
491;1557995167416;1557995167356;1548;1293;345;232;27966
492;1557995167716;1557995167537;1386;1217;333;240;27966
493;1557995167908;1557995167908;1046;1121;324;245;27966
494;1557995168211;1557995167908;1046;1121;311;251;27966
495;1557995168440;1557995168272;782;1049;301;254;27966
496;1557995168722;1557995168645;510;1108;286;256;27966
497;1557995169011;1557995169009;307;1290;271;252;27966
498;1557995169218;1557995169183;322;1623;262;247;27966
499;1557995169410;1557995169183;322;1623;255;241;27966
500;1557995169711;1557995169553;259;2059;245;230;27966
501;1557995169911;1557995169739;764;2718;240;221;27966
502;1557995170208;1557995169739;764;2718;238;207;27966
503;1557995170411;1557995170288;393;2602;239;197;27966
504;1557995170712;1557995170656;764;3443;244;182;27966
505;1557995170915;1557995170832;700;3067;247;173;27966
506;1557995171216;1557995171207;956;3184;252;159;27966
507;1557995171412;1557995171385;1223;3261;258;152;27966
508;1557995171716;1557995171570;1384;3232;269;147;27966
509;1557995171915;1557995171757;1387;3185;279;145;27966
510;1557995172208;1557995171930;1547;3210;294;144;27966
511;1557995172410;1557995172301;1943;3086;304;144;27966
512;1557995172715;1557995172672;2153;2850;319;145;27966
513;1557995172917;1557995172846;2265;2780;328;149;27966
514;1557995173222;1557995173221;2529;2222;340;160;27966
515;1557995173448;1557995173221;2529;2222;346;168;27966
516;1557995173719;1557995173576;2328;2027;356;181;27966
517;1557995173911;1557995173770;2289;1898;361;190;27966
518;1557995174208;1557995174136;2285;1544;362;206;27966
519;1557995174417;1557995174318;2156;1400;359;217;27966
520;1557995174708;1557995174686;1493;577;355;233;27966
521;1557995174916;1557995174867;1436;680;352;244;27966
522;1557995175216;1557995175050;1559;830;343;255;27966
523;1557995175411;1557995175235;1384;845;334;258;27966
524;1557995175711;1557995175601;1043;808;319;262;27966
525;1557995175918;1557995175781;824;823;309;264;27966
526;1557995176713;1557995176149;519;904;264;258;27984
527;1557995176909;1557995176149;519;904;258;252;27984
528;1557995177213;1557995177057;354;1527;249;241;27984
529;1557995177411;1557995177251;309;2165;245;233;27984
530;1557995177711;1557995177609;423;2486;240;219;27984
531;1557995177914;1557995177609;423;2486;241;210;27984
532;1557995178214;1557995178159;623;2711;248;198;27984
533;1557995178411;1557995178338;635;2837;255;191;27984
534;1557995178720;1557995178713;662;2701;264;184;27984
535;1557995178952;1557995178891;767;2813;265;182;27984
536;1557995179221;1557995179071;889;2961;260;179;27984
537;1557995179416;1557995179256;803;2748;257;178;27984
538;1557995179714;1557995179627;817;2922;256;178;27984
539;1557995179916;1557995179806;815;2791;256;178;27984
540;1557995180232;1557995180177;742;2814;264;181;27984
541;1557995180511;1557995180352;795;2871;269;181;27984
542;1557995180710;1557995180540;849;2890;265;178;27984
543;1557995180919;1557995180905;818;2871;261;173;27984
544;1557995181213;1557995181094;949;2944;261;165;27984
545;1557995181408;1557995181277;1005;3017;263;163;27984
546;1557995181706;1557995181638;1104;3066;265;164;27984
547;1557995181912;1557995181638;1104;3066;266;164;27984
548;1557995182207;1557995182189;1335;3071;269;161;27984
549;1557995182410;1557995182374;1337;3091;273;157;27984
550;1557995182713;1557995182374;1337;3091;281;149;27984
551;1557995183011;1557995182928;1649;3132;290;145;27984
552;1557995183223;1557995183104;1753;3119;297;144;27984
553;1557995183411;1557995183284;1961;3094;307;146;27984
554;1557995183662;1557995183284;1961;3094;317;148;27984
555;1557995183925;1557995183284;1961;3094;330;150;27984
556;1557995184213;1557995184208;3035;2199;345;150;27984
557;1557995184415;1557995184385;2584;2565;352;151;27984
558;1557995184717;1557995184569;2513;2437;361;156;27984
559;1557995184910;1557995184569;2513;2437;366;163;27984
560;1557995185217;1557995185124;2625;2125;372;175;27984
561;1557995185410;1557995185306;2626;1991;376;184;27984
562;1557995185712;1557995185662;2597;1567;383;197;27984
563;1557995185912;1557995185856;2529;1473;385;205;27984
564;1557995186214;1557995186034;2442;1422;383;216;27984
565;1557995186419;1557995186404;2325;1307;381;223;27984
566;1557995186715;1557995186404;2325;1307;377;230;27984
567;1557995186915;1557995186767;2100;1718;375;234;27984
568;1557995187228;1557995187129;2069;1836;371;236;27984
569;1557995187417;1557995187320;2083;1948;369;234;27984
570;1557995187715;1557995187680;2088;2275;367;226;27984
571;1557995187912;1557995187862;2149;2323;365;219;27984
572;1557995188249;1557995187862;2149;2323;363;211;27984
573;1557995188409;1557995188408;2206;2494;360;205;27984
574;1557995188716;1557995188595;2359;2520;358;196;27984
575;1557995188917;1557995188789;2451;2472;359;191;27984
576;1557995189212;1557995189144;2493;2620;364;182;27984
577;1557995189445;1557995189336;2567;2614;369;173;27984
578;1557995189711;1557995189690;2627;2721;380;166;27984
579;1557995189926;1557995189877;3204;2054;386;166;27984
580;1557995190216;1557995190062;2632;2299;394;169;27984
581;1557995190411;1557995190241;2690;2228;399;171;27984
582;1557995190717;1557995190608;2744;2007;393;180;27984
583;1557995190909;1557995190796;2659;2078;387;187;27984
584;1557995191213;1557995190974;2644;1788;388;197;27984
585;1557995191420;1557995191335;2675;1469;390;205;27984
586;1557995191710;1557995191700;2494;1259;391;217;27984
587;1557995191909;1557995191885;2414;1414;389;224;27984
588;1557995192212;1557995192071;2222;1675;384;233;27984
589;1557995192412;1557995192251;2193;1293;379;237;27984
590;1557995192712;1557995192430;2074;1569;367;244;27984
591;1557995192919;1557995192801;2054;1440;358;246;27984
592;1557995193215;1557995193172;2147;1647;353;240;27984
593;1557995193413;1557995193351;2189;1882;355;237;27984
594;1557995193717;1557995193351;2189;1882;360;230;27984
595;1557995193919;1557995193899;2206;2175;360;222;27984
596;1557995194215;1557995194082;2282;2201;358;204;27984
597;1557995194413;1557995194255;2450;2256;359;195;27984
598;1557995194724;1557995194620;2447;2415;362;187;27984
599;1557995194913;1557995194805;2411;2596;364;181;27984
600;1557995195228;1557995195172;2253;2670;368;173;27984
601;1557995195407;1557995195358;2139;2739;366;167;27984
602;1557995195707;1557995195536;1953;2893;356;161;27984
603;1557995195915;1557995195908;1870;2900;348;159;27984
604;1557995196214;1557995196090;1624;2905;336;158;27984
605;1557995196407;1557995196263;1439;3068;327;156;27984
606;1557995196709;1557995196446;1412;3005;314;152;27984
607;1557995196919;1557995196819;1131;2895;307;150;27984
608;1557995197217;1557995197003;1019;2862;296;150;27984
609;1557995197447;1557995197370;834;2796;288;151;27984
610;1557995197728;1557995197548;764;2777;276;155;27984
611;1557995197913;1557995197548;764;2777;269;157;27984
612;1557995198215;1557995198101;608;2431;260;162;27984
613;1557995198414;1557995198282;529;2574;257;169;27984
614;1557995198717;1557995198655;418;2036;254;181;27984
615;1557995198918;1557995198655;418;2036;251;190;27984
616;1557995199213;1557995199207;271;1844;246;201;27984
617;1557995199418;1557995199382;578;1700;247;210;27984
618;1557995199715;1557995199382;578;1700;249;223;27984
619;1557995199923;1557995199382;578;1700;253;230;27984
620;1557995200211;1557995200119;619;1143;258;240;27984
621;1557995200411;1557995200299;780;1101;264;246;27984
622;1557995200715;1557995200671;935;937;276;252;27984
623;1557995200910;1557995200855;1081;918;281;254;27984
624;1557995201219;1557995201031;1176;737;291;256;27984
625;1557995201414;1557995201399;1390;907;298;256;27984
626;1557995201714;1557995201590;1779;599;310;256;27984
627;1557995201917;1557995201768;1679;953;318;255;27984
628;1557995202208;1557995201949;1718;1014;329;255;27984
629;1557995202408;1557995202312;1981;1213;335;253;27984
630;1557995202708;1557995202674;2073;1308;343;247;27984
631;1557995202909;1557995202868;2184;1406;347;242;27984
632;1557995203211;1557995203040;2192;1810;354;233;27984
633;1557995203410;1557995203040;2192;1810;358;224;27984
634;1557995203714;1557995203601;2307;2115;360;211;27984
635;1557995203916;1557995203784;2299;2191;361;203;27984
636;1557995204207;1557995204149;2264;2352;361;193;27984
637;1557995204409;1557995204333;2210;2603;359;185;27984
638;1557995204715;1557995204511;2055;2796;352;173;27984
639;1557995204924;1557995204875;1985;2963;349;167;27984
640;1557995205213;1557995205056;1925;2949;342;157;27984
641;1557995205448;1557995205248;1795;3043;335;153;27984
642;1557995205713;1557995205608;1464;3137;322;151;27984
643;1557995205918;1557995205793;1279;3116;314;151;27984
644;1557995206217;1557995205992;1142;2951;301;150;27984
645;1557995206415;1557995206353;486;2736;292;150;27984
646;1557995206713;1557995206353;486;2736;281;152;27984
647;1557995206910;1557995206905;692;2587;274;155;27984
648;1557995207213;1557995207085;700;2780;266;163;27984
649;1557995207409;1557995207275;557;2710;261;170;27984
650;1557995207713;1557995207634;449;2447;254;180;27984
651;1557995207927;1557995207831;323;2276;249;187;27984
652;1557995208213;1557995208185;293;1669;246;198;27984
653;1557995208409;1557995208374;289;1548;247;206;27984
654;1557995208722;1557995208557;371;1673;249;218;27984
655;1557995208915;1557995208742;431;1525;252;227;27984
656;1557995209225;1557995209098;612;828;257;239;27984
657;1557995209412;1557995209285;456;860;261;246;27984
658;1557995209710;1557995209472;645;1027;267;254;27984
659;1557995209912;1557995209828;999;989;274;256;27984
660;1557995210206;1557995210193;1215;753;290;256;27984
661;1557995210427;1557995210377;1331;856;299;256;27984
662;1557995210721;1557995210571;1413;1028;310;257;27984
663;1557995210915;1557995210757;1580;966;317;257;27984
664;1557995211215;1557995211114;1793;1033;327;255;27984
665;1557995211444;1557995211296;1889;1278;331;253;27984
666;1557995211715;1557995211490;1920;1350;336;244;27984
667;1557995211913;1557995211844;2093;1552;340;237;27984
668;1557995212210;1557995212029;2114;1582;345;227;27984
669;1557995212414;1557995212220;2083;1748;348;221;27984
670;1557995212707;1557995212582;2174;2169;352;212;27984
671;1557995212920;1557995212764;2074;2078;351;204;27984
672;1557995213213;1557995213128;2046;2556;347;193;27984
673;1557995213410;1557995213128;2046;2556;345;185;27984
674;1557995213715;1557995213495;1910;2756;341;174;27984
675;1557995213921;1557995213868;1842;2936;338;168;27984
676;1557995214212;1557995213868;1842;2936;331;159;27984
677;1557995214415;1557995214415;1407;3083;323;156;27984
678;1557995214710;1557995214598;1181;2923;310;153;27984
679;1557995214909;1557995214778;1078;2910;303;151;27984
680;1557995215216;1557995215148;867;3116;291;150;27984
681;1557995215409;1557995215148;867;3116;283;149;27984
682;1557995215715;1557995215515;725;2697;274;154;27984
683;1557995215918;1557995215882;638;2637;270;162;27984
684;1557995216212;1557995216066;605;2691;263;169;27984
685;1557995216418;1557995216244;557;2593;258;173;27984
686;1557995216710;1557995216606;550;2139;254;184;27984
687;1557995216919;1557995216796;413;2082;252;193;27984
688;1557995217215;1557995216975;519;1655;250;201;27984
689;1557995217408;1557995216975;519;1655;249;205;27984
690;1557995217719;1557995217710;724;1420;250;213;27984
691;1557995217909;1557995217893;838;1577;252;219;27984
692;1557995218211;1557995218071;906;1608;254;224;27984
693;1557995218415;1557995218260;777;1958;254;224;27984
694;1557995218717;1557995218621;763;2197;253;219;27984
695;1557995218916;1557995218808;780;2293;254;213;27984
696;1557995219210;1557995219177;898;2581;257;204;27984
697;1557995219417;1557995219360;806;2550;261;198;27984
698;1557995219712;1557995219360;806;2550;269;190;27984
699;1557995219911;1557995219360;806;2550;272;187;27984
700;1557995220215;1557995220099;871;2638;264;185;27984
701;1557995220417;1557995220280;871;2664;260;185;27984
702;1557995220712;1557995220652;894;2548;259;185;27984
703;1557995220944;1557995220830;849;2655;259;185;27984
704;1557995221210;1557995221200;843;2659;259;185;27984
705;1557995221446;1557995221381;829;2530;259;186;27984
706;1557995221713;1557995221569;847;2511;258;186;27984
707;1557995221914;1557995221746;821;2682;258;186;27984
708;1557995222209;1557995222114;839;2500;258;187;27984
709;1557995222411;1557995222296;830;2571;259;187;27984
710;1557995222716;1557995222655;852;2531;259;187;27984
711;1557995222910;1557995222844;876;2670;259;187;27984
712;1557995223218;1557995223216;835;2543;259;186;27984
713;1557995223415;1557995223391;840;2529;259;186;27984
714;1557995223718;1557995223568;846;2509;259;186;27984
715;1557995223917;1557995223754;789;2549;259;186;27984
716;1557995224210;1557995224118;796;2488;259;186;27984
717;1557995224412;1557995224301;804;2576;259;186;27984
718;1557995224718;1557995224669;791;2603;259;186;27984
719;1557995224909;1557995224850;791;2591;259;186;27984
720;1557995225237;1557995225222;818;2616;259;186;27984
721;1557995225413;1557995225396;827;2510;259;186;27984
722;1557995225708;1557995225584;845;2622;259;186;27984
723;1557995225907;1557995225764;827;2629;259;186;27984
724;1557995226214;1557995226133;839;2496;259;186;27984
725;1557995226427;1557995226319;818;2544;259;185;27984
726;1557995226727;1557995226684;824;2548;259;186;27984
727;1557995226918;1557995226869;833;2638;259;185;27984
728;1557995227213;1557995227052;846;2532;259;185;27984
729;1557995227407;1557995227232;815;2559;259;185;27984
730;1557995227716;1557995227598;834;2652;259;184;27984
731;1557995227908;1557995227783;834;2549;259;184;27984
732;1557995228213;1557995228153;830;2590;259;184;27984
733;1557995228415;1557995228336;821;2542;258;184;27984
734;1557995228718;1557995228712;820;2533;258;185;27984
735;1557995228915;1557995228883;839;2619;258;185;27984
736;1557995229217;1557995229065;843;2562;259;185;27984
737;1557995229415;1557995229246;816;2577;259;185;27984
738;1557995229713;1557995229613;784;2590;259;185;27984
739;1557995229919;1557995229790;790;2611;259;185;27984
740;1557995230214;1557995229790;790;2611;259;185;27984
741;1557995230411;1557995230338;803;2616;259;185;27984
742;1557995230708;1557995230338;803;2616;259;185;27984
743;1557995230909;1557995230711;788;2551;259;185;27984
744;1557995231213;1557995231071;829;2611;258;186;27984
745;1557995231411;1557995231259;850;2559;258;185;27984
746;1557995231736;1557995231626;828;2566;259;185;27984
747;1557995231916;1557995231626;828;2566;258;185;27984
748;1557995232223;1557995232167;834;2576;258;185;27984
749;1557995232407;1557995232167;834;2576;257;186;27984
750;1557995232712;1557995232541;833;2651;257;186;27984
751;1557995232914;1557995232899;805;2613;257;185;27984
752;1557995233213;1557995233092;783;2574;258;185;27984
753;1557995233419;1557995233092;783;2574;258;185;27984
754;1557995233718;1557995233092;783;2574;258;185;27984
755;1557995233908;1557995233092;783;2574;259;186;27984
756;1557995234217;1557995233092;783;2574;259;186;27984
757;1557995234414;1557995233092;783;2574;263;185;27984
758;1557995234708;1557995233092;783;2574;274;185;27984
759;1557995234944;1557995233092;783;2574;278;187;27984
760;1557995235212;1557995233092;783;2574;281;189;27984
761;1557995235412;1557995233092;783;2574;283;192;27984
762;1557995235715;1557995233092;783;2574;284;195;27984
763;1557995235915;1557995233092;783;2574;284;196;27984
764;1557995236212;1557995233092;783;2574;277;194;27984
765;1557995236415;1557995233092;783;2574;270;191;27984
766;1557995236713;1557995233092;783;2574;264;183;27984
767;1557995236914;1557995233092;783;2574;259;181;27984
768;1557995237213;1557995233092;783;2574;254;182;27984
769;1557995237421;1557995233092;783;2574;254;182;27984
770;1557995237712;1557995233092;783;2574;256;183;27984
771;1557995238012;1557995233092;783;2574;262;185;27984
772;1557995238210;1557995233092;783;2574;266;186;27984
773;1557995238408;1557995233092;783;2574;270;186;27984
774;1557995238724;1557995233092;783;2574;276;185;27984
775;1557995238911;1557995233092;783;2574;275;182;27984
776;1557995239210;1557995233092;783;2574;266;179;27984
777;1557995239425;1557995233092;783;2574;261;178;27984
778;1557995239712;1557995233092;783;2574;258;179;27984
779;1557995239913;1557995233092;783;2574;260;180;27984
780;1557995240222;1557995233092;783;2574;264;182;27984
781;1557995240412;1557995233092;783;2574;264;182;27984
782;1557995240710;1557995233092;783;2574;267;182;27984
783;1557995240914;1557995233092;783;2574;269;182;27984
784;1557995241208;1557995233092;783;2574;271;180;27984
785;1557995241416;1557995233092;783;2574;272;179;27984
786;1557995241715;1557995233092;783;2574;271;178;27984
787;1557995241910;1557995233092;783;2574;271;177;27984
788;1557995242218;1557995233092;783;2574;273;177;27984
789;1557995242407;1557995233092;783;2574;273;177;27984
790;1557995242718;1557995233092;783;2574;272;177;27984
791;1557995242915;1557995233092;783;2574;271;177;27984
792;1557995243215;1557995233092;783;2574;271;177;27984
793;1557995243407;1557995233092;783;2574;271;177;27984
794;1557995243720;1557995233092;783;2574;271;178;27984
795;1557995243926;1557995233092;783;2574;271;178;27984
796;1557995244219;1557995233092;783;2574;271;178;27984
797;1557995244412;1557995233092;783;2574;272;178;27984
798;1557995244707;1557995233092;783;2574;272;179;27984
799;1557995245013;1557995233092;783;2574;272;179;27984
800;1557995245218;1557995233092;783;2574;271;179;27984
801;1557995245407;1557995233092;783;2574;271;180;27984
802;1557995245714;1557995233092;783;2574;272;179;27984
803;1557995245911;1557995233092;783;2574;272;179;27984
804;1557995246212;1557995233092;783;2574;271;178;27984
805;1557995246414;1557995233092;783;2574;271;178;27984
806;1557995246714;1557995233092;783;2574;271;180;27984
807;1557995246917;1557995233092;783;2574;271;180;27984
808;1557995247215;1557995233092;783;2574;272;180;27984
809;1557995247410;1557995233092;783;2574;272;180;27984
810;1557995247710;1557995233092;783;2574;271;180;27984
811;1557995247909;1557995233092;783;2574;271;180;27984
812;1557995248218;1557995233092;783;2574;271;180;27984
813;1557995248410;1557995233092;783;2574;271;180;27984
814;1557995248723;1557995233092;783;2574;271;180;27984
815;1557995248943;1557995233092;783;2574;270;180;27984
816;1557995249212;1557995233092;783;2574;270;180;27984
817;1557995249407;1557995233092;783;2574;270;180;27984
818;1557995249713;1557995233092;783;2574;271;180;27984
819;1557995249907;1557995233092;783;2574;272;180;27984
820;1557995250212;1557995233092;783;2574;271;180;27984
821;1557995250416;1557995233092;783;2574;270;180;27984
822;1557995250715;1557995233092;783;2574;271;180;27984
823;1557995250915;1557995233092;783;2574;271;180;27984
824;1557995251216;1557995233092;783;2574;270;180;27984
825;1557995251415;1557995233092;783;2574;270;180;27984
826;1557995251711;1557995233092;783;2574;270;179;27984
827;1557995251914;1557995233092;783;2574;271;179;27984
828;1557995252216;1557995233092;783;2574;272;180;27984
829;1557995252414;1557995233092;783;2574;272;180;27984
830;1557995252711;1557995233092;783;2574;270;179;27984
831;1557995252911;1557995233092;783;2574;270;179;27984
832;1557995253210;1557995233092;783;2574;270;179;27984
833;1557995253410;1557995233092;783;2574;270;180;27984
834;1557995253672;1557995233092;783;2574;270;180;27984
835;1557995253929;1557995233092;783;2574;270;180;27984
836;1557995254213;1557995233092;783;2574;270;180;27984
837;1557995254418;1557995233092;783;2574;270;180;27984
838;1557995254708;1557995233092;783;2574;270;180;27984
839;1557995254917;1557995233092;783;2574;270;180;27984
840;1557995255216;1557995233092;783;2574;270;180;27984
841;1557995255409;1557995233092;783;2574;270;180;27984
842;1557995255716;1557995233092;783;2574;270;180;27984
843;1557995255911;1557995233092;783;2574;270;180;27984
844;1557995256212;1557995233092;783;2574;271;180;27984
845;1557995256421;1557995233092;783;2574;272;180;27984
846;1557995256717;1557995233092;783;2574;271;179;27984
847;1557995256916;1557995233092;783;2574;271;179;27984
848;1557995257209;1557995233092;783;2574;271;178;27984
849;1557995257409;1557995233092;783;2574;270;178;27984
850;1557995257709;1557995233092;783;2574;271;177;27984
851;1557995257915;1557995233092;783;2574;271;177;27984
852;1557995258223;1557995233092;783;2574;271;177;27984
853;1557995258451;1557995233092;783;2574;271;177;27984
854;1557995258714;1557995233092;783;2574;272;177;27984
855;1557995258922;1557995233092;783;2574;272;177;27984
856;1557995259207;1557995233092;783;2574;271;177;27984
857;1557995259414;1557995233092;783;2574;271;177;27984
858;1557995259708;1557995233092;783;2574;271;177;27984
859;1557995259918;1557995233092;783;2574;271;177;27984
860;1557995260215;1557995233092;783;2574;271;177;27984
861;1557995260407;1557995233092;783;2574;271;178;27984
862;1557995260707;1557995233092;783;2574;271;178;27984
863;1557995260914;1557995233092;783;2574;271;177;27984
864;1557995261213;1557995233092;783;2574;271;177;27984
865;1557995261426;1557995233092;783;2574;271;177;27984
866;1557995261707;1557995233092;783;2574;271;177;27984
867;1557995261909;1557995233092;783;2574;271;177;27984
868;1557995262209;1557995233092;783;2574;271;177;27984
869;1557995262408;1557995233092;783;2574;271;177;27984
870;1557995262716;1557995233092;783;2574;271;177;27984
871;1557995262913;1557995233092;783;2574;271;177;27984
872;1557995263219;1557995233092;783;2574;271;177;27984
873;1557995263408;1557995233092;783;2574;271;177;27984
874;1557995263715;1557995233092;783;2574;271;178;27984
875;1557995263907;1557995233092;783;2574;271;179;27984
876;1557995264242;1557995233092;783;2574;271;179;27984
877;1557995264427;1557995233092;783;2574;271;178;27984
878;1557995264710;1557995233092;783;2574;271;178;27984
879;1557995264912;1557995233092;783;2574;272;179;27984
880;1557995265210;1557995233092;783;2574;271;178;27984
881;1557995265410;1557995233092;783;2574;271;178;27984
882;1557995265710;1557995233092;783;2574;271;177;27984
883;1557995265915;1557995233092;783;2574;272;177;27984
884;1557995266210;1557995233092;783;2574;272;176;27984
885;1557995266413;1557995233092;783;2574;271;176;27984
886;1557995266711;1557995233092;783;2574;272;177;27984
887;1557995266909;1557995233092;783;2574;271;177;27984
888;1557995267215;1557995233092;783;2574;269;176;27984
889;1557995267513;1557995233092;783;2574;271;176;27984
890;1557995267657;1557995233092;783;2574;271;177;27984
891;1557995267913;1557995233092;783;2574;271;177;27984
892;1557995268208;1557995233092;783;2574;269;177;27984
893;1557995268408;1557995233092;783;2574;268;177;27984
894;1557995268720;1557995233092;783;2574;269;177;27984
895;1557995268914;1557995233092;783;2574;270;177;27984
896;1557995269217;1557995233092;783;2574;269;177;27984
897;1557995269407;1557995233092;783;2574;268;177;27984
898;1557995269722;1557995233092;783;2574;270;177;27984
899;1557995269915;1557995233092;783;2574;271;177;27984
900;1557995270210;1557995233092;783;2574;269;177;27984
901;1557995270410;1557995233092;783;2574;269;177;27984
902;1557995270714;1557995233092;783;2574;269;177;27984
903;1557995270914;1557995233092;783;2574;269;177;27984
904;1557995271210;1557995233092;783;2574;269;176;27984
905;1557995271412;1557995233092;783;2574;271;176;27984
906;1557995271716;1557995233092;783;2574;271;176;27984
907;1557995272012;1557995233092;783;2574;269;176;27984
908;1557995272212;1557995233092;783;2574;271;176;27984
909;1557995272412;1557995233092;783;2574;273;176;27984
910;1557995272707;1557995233092;783;2574;272;176;27984
911;1557995272908;1557995233092;783;2574;271;176;27984
912;1557995273210;1557995233092;783;2574;270;176;27984
913;1557995273409;1557995233092;783;2574;268;177;27984
914;1557995273716;1557995233092;783;2574;269;177;27984
915;1557995273920;1557995233092;783;2574;269;177;27984
916;1557995274212;1557995233092;783;2574;268;177;27984
917;1557995274414;1557995233092;783;2574;268;177;27984
918;1557995274712;1557995233092;783;2574;267;177;27984
919;1557995274920;1557995233092;783;2574;268;177;27984
920;1557995275208;1557995233092;783;2574;268;177;27984
921;1557995275514;1557995233092;783;2574;268;177;27984
922;1557995275715;1557995233092;783;2574;268;177;27984
923;1557995275921;1557995233092;783;2574;268;177;27984
924;1557995276213;1557995233092;783;2574;268;177;27984
925;1557995276418;1557995233092;783;2574;268;177;27984
926;1557995276710;1557995233092;783;2574;267;177;27984
927;1557995276911;1557995233092;783;2574;269;177;27984
928;1557995277218;1557995233092;783;2574;269;176;27984
929;1557995277410;1557995233092;783;2574;268;177;27984
930;1557995277711;1557995233092;783;2574;268;177;27984
931;1557995277910;1557995233092;783;2574;268;177;27984
932;1557995278206;1557995233092;783;2574;267;177;27984
933;1557995278515;1557995233092;783;2574;268;177;27984
934;1557995278721;1557995233092;783;2574;268;177;27984
935;1557995278911;1557995233092;783;2574;268;177;27984
936;1557995279208;1557995233092;783;2574;268;177;27984
937;1557995279407;1557995233092;783;2574;268;177;27984
938;1557995279717;1557995233092;783;2574;268;177;27984
